category,market_ticker,series_ticker,event_ticker,title,resolution,status,open_time,close_time,settlement_ts,volume
Financials,INXU-24AUG30-T5591.96,KXINXU,INXU-24AUG30,"Will the S&P 500 be above 5591.96 at the end of Aug 30, 2024?",yes,finalized,2024-08-29T20:45:00Z,2024-08-30T20:00:00Z,2024-08-31T01:05:01.060433Z,5862
Financials,INXU-24AUG30-T5924.99,KXINXU,INXU-24AUG30,"Will the S&P 500 be above 5924.99 at the end of Aug 30, 2024?",no,finalized,2024-08-29T20:00:00Z,2024-08-30T20:00:00Z,2024-08-31T01:04:00.74082Z,2
Financials,INXU-24AUG30-T5899.99,KXINXU,INXU-24AUG30,"Will the S&P 500 be above 5899.99 at the end of Aug 30, 2024?",no,finalized,2024-08-29T20:00:00Z,2024-08-30T20:00:00Z,2024-08-31T01:04:00.730423Z,2
Financials,INXU-24AUG30-T5874.99,KXINXU,INXU-24AUG30,"Will the S&P 500 be above 5874.99 at the end of Aug 30, 2024?",no,finalized,2024-08-29T20:00:00Z,2024-08-30T20:00:00Z,2024-08-31T01:04:00.240788Z,2
Financials,INXU-24AUG30-T5849.99,KXINXU,INXU-24AUG30,"Will the S&P 500 be above 5849.99 at the end of Aug 30, 2024?",no,finalized,2024-08-29T20:00:00Z,2024-08-30T20:00:00Z,2024-08-31T01:04:01.030212Z,2
Financials,INXU-24AUG30-T5824.99,KXINXU,INXU-24AUG30,"Will the S&P 500 be above 5824.99 at the end of Aug 30, 2024?",no,finalized,2024-08-29T20:00:00Z,2024-08-30T20:00:00Z,2024-08-31T01:04:00.230781Z,2
Financials,INXU-24AUG30-T5799.99,KXINXU,INXU-24AUG30,"Will the S&P 500 be above 5799.99 at the end of Aug 30, 2024?",no,finalized,2024-08-29T20:00:00Z,2024-08-30T20:00:00Z,2024-08-31T01:05:01.160801Z,2
Financials,INXU-24AUG30-T5774.99,KXINXU,INXU-24AUG30,"Will the S&P 500 be above 5774.99 at the end of Aug 30, 2024?",no,finalized,2024-08-29T20:00:00Z,2024-08-30T20:00:00Z,2024-08-31T01:04:00.210839Z,2
Financials,INXU-24AUG30-T5749.99,KXINXU,INXU-24AUG30,"Will the S&P 500 be above 5749.99 at the end of Aug 30, 2024?",no,finalized,2024-08-29T20:00:00Z,2024-08-30T20:00:00Z,2024-08-31T01:03:01.040769Z,2
Financials,INXU-24AUG30-T5724.99,KXINXU,INXU-24AUG30,"Will the S&P 500 be above 5724.99 at the end of Aug 30, 2024?",no,finalized,2024-08-29T20:00:00Z,2024-08-30T20:00:00Z,2024-08-31T01:03:01.03103Z,2
Financials,INXU-24AUG30-T5699.99,KXINXU,INXU-24AUG30,"Will the S&P 500 be above 5699.99 at the end of Aug 30, 2024?",no,finalized,2024-08-29T20:00:00Z,2024-08-30T20:00:00Z,2024-08-31T01:05:01.1305Z,12
Financials,INXU-24AUG30-T5674.99,KXINXU,INXU-24AUG30,"Will the S&P 500 be above 5674.99 at the end of Aug 30, 2024?",no,finalized,2024-08-29T20:00:00Z,2024-08-30T20:00:00Z,2024-08-31T01:03:01.020122Z,11559
Financials,INXU-24AUG30-T5649.99,KXINXU,INXU-24AUG30,"Will the S&P 500 be above 5649.99 at the end of Aug 30, 2024?",no,finalized,2024-08-29T20:00:00Z,2024-08-30T20:00:00Z,2024-08-31T01:03:01.010074Z,25133
Financials,INXU-24AUG30-T5624.99,KXINXU,INXU-24AUG30,"Will the S&P 500 be above 5624.99 at the end of Aug 30, 2024?",yes,finalized,2024-08-29T20:00:00Z,2024-08-30T20:00:00Z,2024-08-31T01:03:01.080031Z,17516
Financials,INXU-24AUG30-T5599.99,KXINXU,INXU-24AUG30,"Will the S&P 500 be above 5599.99 at the end of Aug 30, 2024?",yes,finalized,2024-08-29T20:00:00Z,2024-08-30T20:00:00Z,2024-08-31T01:03:01.059989Z,26360
Financials,INXU-24AUG30-T5574.99,KXINXU,INXU-24AUG30,"Will the S&P 500 be above 5574.99 at the end of Aug 30, 2024?",yes,finalized,2024-08-29T20:00:00Z,2024-08-30T20:00:00Z,2024-08-31T01:03:01.000102Z,10830
Financials,INXU-24AUG30-T5549.99,KXINXU,INXU-24AUG30,"Will the S&P 500 be above 5549.99 at the end of Aug 30, 2024?",yes,finalized,2024-08-29T20:00:00Z,2024-08-30T20:00:00Z,2024-08-31T01:03:00.981012Z,5373
Financials,INXU-24AUG30-T5524.99,KXINXU,INXU-24AUG30,"Will the S&P 500 be above 5524.99 at the end of Aug 30, 2024?",yes,finalized,2024-08-29T20:00:00Z,2024-08-30T20:00:00Z,2024-08-31T01:03:00.960713Z,2
Financials,INXU-24AUG30-T5499.99,KXINXU,INXU-24AUG30,"Will the S&P 500 be above 5499.99 at the end of Aug 30, 2024?",yes,finalized,2024-08-29T20:00:00Z,2024-08-30T20:00:00Z,2024-08-31T01:03:00.950016Z,2
Financials,INXU-24AUG30-T5474.99,KXINXU,INXU-24AUG30,"Will the S&P 500 be above 5474.99 at the end of Aug 30, 2024?",yes,finalized,2024-08-29T20:00:00Z,2024-08-30T20:00:00Z,2024-08-31T01:03:00.930806Z,2
Financials,INXU-24AUG30-T5449.99,KXINXU,INXU-24AUG30,"Will the S&P 500 be above 5449.99 at the end of Aug 30, 2024?",yes,finalized,2024-08-29T20:00:00Z,2024-08-30T20:00:00Z,2024-08-31T01:03:00.53553Z,2
Financials,INXU-24AUG30-T5424.99,KXINXU,INXU-24AUG30,"Will the S&P 500 be above 5424.99 at the end of Aug 30, 2024?",yes,finalized,2024-08-29T20:00:00Z,2024-08-30T20:00:00Z,2024-08-31T01:03:00.530201Z,2
Financials,INXU-24AUG30-T5399.99,KXINXU,INXU-24AUG30,"Will the S&P 500 be above 5399.99 at the end of Aug 30, 2024?",yes,finalized,2024-08-29T20:00:00Z,2024-08-30T20:00:00Z,2024-08-31T01:05:01.100543Z,2
Financials,INXU-24AUG30-T5374.99,KXINXU,INXU-24AUG30,"Will the S&P 500 be above 5374.99 at the end of Aug 30, 2024?",yes,finalized,2024-08-29T20:00:00Z,2024-08-30T20:00:00Z,2024-08-31T01:03:00.510765Z,2
Financials,INXU-24AUG30-T5349.99,KXINXU,INXU-24AUG30,"Will the S&P 500 be above 5349.99 at the end of Aug 30, 2024?",yes,finalized,2024-08-29T20:00:00Z,2024-08-30T20:00:00Z,2024-08-31T01:03:00.500066Z,2
Financials,INXU-24AUG30-T5324.99,KXINXU,INXU-24AUG30,"Will the S&P 500 be above 5324.99 at the end of Aug 30, 2024?",yes,finalized,2024-08-29T20:00:00Z,2024-08-30T20:00:00Z,2024-08-31T01:03:00.480759Z,2
Financials,INXU-24AUG30-T5299.99,KXINXU,INXU-24AUG30,"Will the S&P 500 be above 5299.99 at the end of Aug 30, 2024?",yes,finalized,2024-08-29T20:00:00Z,2024-08-30T20:00:00Z,2024-08-31T01:03:00.461007Z,2
Financials,INXU-24AUG30-T5274.99,KXINXU,INXU-24AUG30,"Will the S&P 500 be above 5274.99 at the end of Aug 30, 2024?",yes,finalized,2024-08-29T20:00:00Z,2024-08-30T20:00:00Z,2024-08-31T01:03:00.450454Z,2
Financials,INXU-24AUG30-T5249.99,KXINXU,INXU-24AUG30,"Will the S&P 500 be above 5249.99 at the end of Aug 30, 2024?",yes,finalized,2024-08-29T20:00:00Z,2024-08-30T20:00:00Z,2024-08-31T01:03:00.440738Z,2
Financials,INXU-24AUG30-T5224.99,KXINXU,INXU-24AUG30,"Will the S&P 500 be above 5224.99 at the end of Aug 30, 2024?",yes,finalized,2024-08-29T20:00:00Z,2024-08-30T20:00:00Z,2024-08-31T01:05:01.210063Z,2
Financials,INXU-24AUG30-T5199.99,KXINXU,INXU-24AUG30,"Will the S&P 500 be above 5199.99 at the end of Aug 30, 2024?",yes,finalized,2024-08-29T20:00:00Z,2024-08-30T20:00:00Z,2024-08-31T01:03:00.430188Z,2
Financials,INXU-24AUG29-T5592.18,KXINXU,INXU-24AUG29,"Will the S&P 500 be above 5592.18 at the end of Aug 29, 2024?",no,finalized,2024-08-28T20:45:00Z,2024-08-29T20:00:00Z,2024-08-30T01:03:01.013539Z,37628
Financials,INXU-24AUG29-T5974.99,KXINXU,INXU-24AUG29,"Will the S&P 500 be above 5974.99 at the end of Aug 29, 2024?",no,finalized,2024-08-28T20:00:00Z,2024-08-29T20:00:00Z,2024-08-30T01:02:00.543676Z,2
Financials,INXU-24AUG29-T5949.99,KXINXU,INXU-24AUG29,"Will the S&P 500 be above 5949.99 at the end of Aug 29, 2024?",no,finalized,2024-08-28T20:00:00Z,2024-08-29T20:00:00Z,2024-08-30T01:04:00.613824Z,2
Financials,INXU-24AUG29-T5924.99,KXINXU,INXU-24AUG29,"Will the S&P 500 be above 5924.99 at the end of Aug 29, 2024?",no,finalized,2024-08-28T20:00:00Z,2024-08-29T20:00:00Z,2024-08-30T01:02:00.563332Z,2
Financials,INXU-24AUG29-T5899.99,KXINXU,INXU-24AUG29,"Will the S&P 500 be above 5899.99 at the end of Aug 29, 2024?",no,finalized,2024-08-28T20:00:00Z,2024-08-29T20:00:00Z,2024-08-30T01:03:00.833902Z,2
Financials,INXU-24AUG29-T5874.99,KXINXU,INXU-24AUG29,"Will the S&P 500 be above 5874.99 at the end of Aug 29, 2024?",no,finalized,2024-08-28T20:00:00Z,2024-08-29T20:00:00Z,2024-08-30T01:02:01.023837Z,2
Financials,INXU-24AUG29-T5849.99,KXINXU,INXU-24AUG29,"Will the S&P 500 be above 5849.99 at the end of Aug 29, 2024?",no,finalized,2024-08-28T20:00:00Z,2024-08-29T20:00:00Z,2024-08-30T01:02:00.568251Z,2
Financials,INXU-24AUG29-T5824.99,KXINXU,INXU-24AUG29,"Will the S&P 500 be above 5824.99 at the end of Aug 29, 2024?",no,finalized,2024-08-28T20:00:00Z,2024-08-29T20:00:00Z,2024-08-30T01:02:00.963461Z,2
Financials,INXU-24AUG29-T5799.99,KXINXU,INXU-24AUG29,"Will the S&P 500 be above 5799.99 at the end of Aug 29, 2024?",no,finalized,2024-08-28T20:00:00Z,2024-08-29T20:00:00Z,2024-08-30T01:02:00.973695Z,2
Financials,INXU-24AUG29-T5774.99,KXINXU,INXU-24AUG29,"Will the S&P 500 be above 5774.99 at the end of Aug 29, 2024?",no,finalized,2024-08-28T20:00:00Z,2024-08-29T20:00:00Z,2024-08-30T01:02:00.983576Z,2
Financials,INXU-24AUG29-T5749.99,KXINXU,INXU-24AUG29,"Will the S&P 500 be above 5749.99 at the end of Aug 29, 2024?",no,finalized,2024-08-28T20:00:00Z,2024-08-29T20:00:00Z,2024-08-30T01:02:00.993573Z,2
Financials,INXU-24AUG29-T5724.99,KXINXU,INXU-24AUG29,"Will the S&P 500 be above 5724.99 at the end of Aug 29, 2024?",no,finalized,2024-08-28T20:00:00Z,2024-08-29T20:00:00Z,2024-08-30T01:02:01.014108Z,2
Financials,INXU-24AUG29-T5699.99,KXINXU,INXU-24AUG29,"Will the S&P 500 be above 5699.99 at the end of Aug 29, 2024?",no,finalized,2024-08-28T20:00:00Z,2024-08-29T20:00:00Z,2024-08-30T01:03:00.82418Z,2
Financials,INXU-24AUG29-T5674.99,KXINXU,INXU-24AUG29,"Will the S&P 500 be above 5674.99 at the end of Aug 29, 2024?",no,finalized,2024-08-28T20:00:00Z,2024-08-29T20:00:00Z,2024-08-30T01:04:00.673536Z,20577
Financials,INXU-24AUG29-T5649.99,KXINXU,INXU-24AUG29,"Will the S&P 500 be above 5649.99 at the end of Aug 29, 2024?",no,finalized,2024-08-28T20:00:00Z,2024-08-29T20:00:00Z,2024-08-30T01:02:01.044242Z,4108
Financials,INXU-24AUG29-T5624.99,KXINXU,INXU-24AUG29,"Will the S&P 500 be above 5624.99 at the end of Aug 29, 2024?",no,finalized,2024-08-28T20:00:00Z,2024-08-29T20:00:00Z,2024-08-30T01:02:01.053622Z,50562
Financials,INXU-24AUG29-T5599.99,KXINXU,INXU-24AUG29,"Will the S&P 500 be above 5599.99 at the end of Aug 29, 2024?",no,finalized,2024-08-28T20:00:00Z,2024-08-29T20:00:00Z,2024-08-30T01:03:00.333831Z,48382
Financials,INXU-24AUG29-T5574.99,KXINXU,INXU-24AUG29,"Will the S&P 500 be above 5574.99 at the end of Aug 29, 2024?",yes,finalized,2024-08-28T20:00:00Z,2024-08-29T20:00:00Z,2024-08-30T01:02:01.063897Z,41740
Financials,INXU-24AUG29-T5549.99,KXINXU,INXU-24AUG29,"Will the S&P 500 be above 5549.99 at the end of Aug 29, 2024?",yes,finalized,2024-08-28T20:00:00Z,2024-08-29T20:00:00Z,2024-08-30T01:03:00.353645Z,2118
Financials,INXU-24AUG29-T5524.99,KXINXU,INXU-24AUG29,"Will the S&P 500 be above 5524.99 at the end of Aug 29, 2024?",yes,finalized,2024-08-28T20:00:00Z,2024-08-29T20:00:00Z,2024-08-30T01:02:01.074194Z,27
Financials,INXU-24AUG29-T5499.99,KXINXU,INXU-24AUG29,"Will the S&P 500 be above 5499.99 at the end of Aug 29, 2024?",yes,finalized,2024-08-28T20:00:00Z,2024-08-29T20:00:00Z,2024-08-30T01:04:00.60391Z,2
Financials,INXU-24AUG29-T5474.99,KXINXU,INXU-24AUG29,"Will the S&P 500 be above 5474.99 at the end of Aug 29, 2024?",yes,finalized,2024-08-28T20:00:00Z,2024-08-29T20:00:00Z,2024-08-30T01:02:01.093403Z,2
Financials,INXU-24AUG29-T5449.99,KXINXU,INXU-24AUG29,"Will the S&P 500 be above 5449.99 at the end of Aug 29, 2024?",yes,finalized,2024-08-28T20:00:00Z,2024-08-29T20:00:00Z,2024-08-30T01:04:00.633766Z,2
Financials,INXU-24AUG29-T5424.99,KXINXU,INXU-24AUG29,"Will the S&P 500 be above 5424.99 at the end of Aug 29, 2024?",yes,finalized,2024-08-28T20:00:00Z,2024-08-29T20:00:00Z,2024-08-30T01:02:01.103816Z,2
Financials,INXU-24AUG29-T5399.99,KXINXU,INXU-24AUG29,"Will the S&P 500 be above 5399.99 at the end of Aug 29, 2024?",yes,finalized,2024-08-28T20:00:00Z,2024-08-29T20:00:00Z,2024-08-30T01:02:01.123765Z,2
Financials,INXU-24AUG29-T5374.99,KXINXU,INXU-24AUG29,"Will the S&P 500 be above 5374.99 at the end of Aug 29, 2024?",yes,finalized,2024-08-28T20:00:00Z,2024-08-29T20:00:00Z,2024-08-30T01:02:00.413932Z,2
Financials,INXU-24AUG29-T5349.99,KXINXU,INXU-24AUG29,"Will the S&P 500 be above 5349.99 at the end of Aug 29, 2024?",yes,finalized,2024-08-28T20:00:00Z,2024-08-29T20:00:00Z,2024-08-30T01:02:00.524044Z,2
Financials,INXU-24AUG29-T5324.99,KXINXU,INXU-24AUG29,"Will the S&P 500 be above 5324.99 at the end of Aug 29, 2024?",yes,finalized,2024-08-28T20:00:00Z,2024-08-29T20:00:00Z,2024-08-30T01:02:00.513229Z,2
Financials,INXU-24AUG29-T5299.99,KXINXU,INXU-24AUG29,"Will the S&P 500 be above 5299.99 at the end of Aug 29, 2024?",yes,finalized,2024-08-28T20:00:00Z,2024-08-29T20:00:00Z,2024-08-30T01:02:00.503239Z,2
Financials,INXU-24AUG29-T5274.99,KXINXU,INXU-24AUG29,"Will the S&P 500 be above 5274.99 at the end of Aug 29, 2024?",yes,finalized,2024-08-28T20:00:00Z,2024-08-29T20:00:00Z,2024-08-30T01:02:00.483803Z,2
Financials,INXU-24AUG29-T5249.99,KXINXU,INXU-24AUG29,"Will the S&P 500 be above 5249.99 at the end of Aug 29, 2024?",yes,finalized,2024-08-28T20:00:00Z,2024-08-29T20:00:00Z,2024-08-30T01:02:00.463832Z,2
Financials,INXU-24AUG28-T5625.80,KXINXU,INXU-24AUG28,"Will the S&P 500 be above 5625.80 at the end of Aug 28, 2024?",no,finalized,2024-08-27T20:45:00Z,2024-08-28T20:00:00Z,2024-08-29T01:09:00.493039Z,6897
Financials,INXU-24AUG28-T5949.99,KXINXU,INXU-24AUG28,"Will the S&P 500 be above 5949.99 at the end of Aug 28, 2024?",no,finalized,2024-08-27T20:00:00Z,2024-08-28T20:00:00Z,2024-08-29T01:10:00.753313Z,2
Financials,INXU-24AUG28-T5924.99,KXINXU,INXU-24AUG28,"Will the S&P 500 be above 5924.99 at the end of Aug 28, 2024?",no,finalized,2024-08-27T20:00:00Z,2024-08-28T20:00:00Z,2024-08-29T01:10:00.773208Z,2
Financials,INXU-24AUG28-T5899.99,KXINXU,INXU-24AUG28,"Will the S&P 500 be above 5899.99 at the end of Aug 28, 2024?",no,finalized,2024-08-27T20:00:00Z,2024-08-28T20:00:00Z,2024-08-29T01:10:00.778059Z,2
Financials,INXU-24AUG28-T5874.99,KXINXU,INXU-24AUG28,"Will the S&P 500 be above 5874.99 at the end of Aug 28, 2024?",no,finalized,2024-08-27T20:00:00Z,2024-08-28T20:00:00Z,2024-08-29T01:10:00.783826Z,2
Financials,INXU-24AUG28-T5849.99,KXINXU,INXU-24AUG28,"Will the S&P 500 be above 5849.99 at the end of Aug 28, 2024?",no,finalized,2024-08-27T20:00:00Z,2024-08-28T20:00:00Z,2024-08-29T01:10:00.803881Z,2
Financials,INXU-24AUG28-T5824.99,KXINXU,INXU-24AUG28,"Will the S&P 500 be above 5824.99 at the end of Aug 28, 2024?",no,finalized,2024-08-27T20:00:00Z,2024-08-28T20:00:00Z,2024-08-29T01:09:00.423366Z,2
Financials,INXU-24AUG28-T5799.99,KXINXU,INXU-24AUG28,"Will the S&P 500 be above 5799.99 at the end of Aug 28, 2024?",no,finalized,2024-08-27T20:00:00Z,2024-08-28T20:00:00Z,2024-08-29T01:09:00.433844Z,2
Financials,INXU-24AUG28-T5774.99,KXINXU,INXU-24AUG28,"Will the S&P 500 be above 5774.99 at the end of Aug 28, 2024?",no,finalized,2024-08-27T20:00:00Z,2024-08-28T20:00:00Z,2024-08-29T01:09:00.453551Z,2
Financials,INXU-24AUG28-T5749.99,KXINXU,INXU-24AUG28,"Will the S&P 500 be above 5749.99 at the end of Aug 28, 2024?",no,finalized,2024-08-27T20:00:00Z,2024-08-28T20:00:00Z,2024-08-29T01:09:01.213325Z,2
Financials,INXU-24AUG28-T5724.99,KXINXU,INXU-24AUG28,"Will the S&P 500 be above 5724.99 at the end of Aug 28, 2024?",no,finalized,2024-08-27T20:00:00Z,2024-08-28T20:00:00Z,2024-08-29T01:09:00.513508Z,2
Financials,INXU-24AUG28-T5699.99,KXINXU,INXU-24AUG28,"Will the S&P 500 be above 5699.99 at the end of Aug 28, 2024?",no,finalized,2024-08-27T20:00:00Z,2024-08-28T20:00:00Z,2024-08-29T01:09:00.523224Z,8
Financials,INXU-24AUG28-T5674.99,KXINXU,INXU-24AUG28,"Will the S&P 500 be above 5674.99 at the end of Aug 28, 2024?",no,finalized,2024-08-27T20:00:00Z,2024-08-28T20:00:00Z,2024-08-29T01:09:00.543367Z,26
Financials,INXU-24AUG28-T5649.99,KXINXU,INXU-24AUG28,"Will the S&P 500 be above 5649.99 at the end of Aug 28, 2024?",no,finalized,2024-08-27T20:00:00Z,2024-08-28T20:00:00Z,2024-08-29T01:09:00.553499Z,3651
Financials,INXU-24AUG28-T5624.99,KXINXU,INXU-24AUG28,"Will the S&P 500 be above 5624.99 at the end of Aug 28, 2024?",no,finalized,2024-08-27T20:00:00Z,2024-08-28T20:00:00Z,2024-08-29T01:09:00.953386Z,12909
Financials,INXU-24AUG28-T5599.99,KXINXU,INXU-24AUG28,"Will the S&P 500 be above 5599.99 at the end of Aug 28, 2024?",no,finalized,2024-08-27T20:00:00Z,2024-08-28T20:00:00Z,2024-08-29T01:09:01.20316Z,61516
Financials,INXU-24AUG28-T5574.99,KXINXU,INXU-24AUG28,"Will the S&P 500 be above 5574.99 at the end of Aug 28, 2024?",yes,finalized,2024-08-27T20:00:00Z,2024-08-28T20:00:00Z,2024-08-29T01:09:00.973464Z,31728
Financials,INXU-24AUG28-T5549.99,KXINXU,INXU-24AUG28,"Will the S&P 500 be above 5549.99 at the end of Aug 28, 2024?",yes,finalized,2024-08-27T20:00:00Z,2024-08-28T20:00:00Z,2024-08-29T01:09:00.98376Z,8418
Financials,INXU-24AUG28-T5524.99,KXINXU,INXU-24AUG28,"Will the S&P 500 be above 5524.99 at the end of Aug 28, 2024?",yes,finalized,2024-08-27T20:00:00Z,2024-08-28T20:00:00Z,2024-08-29T01:09:01.003442Z,255
Financials,INXU-24AUG28-T5499.99,KXINXU,INXU-24AUG28,"Will the S&P 500 be above 5499.99 at the end of Aug 28, 2024?",yes,finalized,2024-08-27T20:00:00Z,2024-08-28T20:00:00Z,2024-08-29T01:09:01.013954Z,2
Financials,INXU-24AUG28-T5474.99,KXINXU,INXU-24AUG28,"Will the S&P 500 be above 5474.99 at the end of Aug 28, 2024?",yes,finalized,2024-08-27T20:00:00Z,2024-08-28T20:00:00Z,2024-08-29T01:09:01.023662Z,2
Financials,INXU-24AUG28-T5449.99,KXINXU,INXU-24AUG28,"Will the S&P 500 be above 5449.99 at the end of Aug 28, 2024?",yes,finalized,2024-08-27T20:00:00Z,2024-08-28T20:00:00Z,2024-08-29T01:09:01.053168Z,2
Financials,INXU-24AUG28-T5424.99,KXINXU,INXU-24AUG28,"Will the S&P 500 be above 5424.99 at the end of Aug 28, 2024?",yes,finalized,2024-08-27T20:00:00Z,2024-08-28T20:00:00Z,2024-08-29T01:09:01.064032Z,2
Financials,INXU-24AUG28-T5399.99,KXINXU,INXU-24AUG28,"Will the S&P 500 be above 5399.99 at the end of Aug 28, 2024?",yes,finalized,2024-08-27T20:00:00Z,2024-08-28T20:00:00Z,2024-08-29T01:09:01.093124Z,2
Financials,INXU-24AUG28-T5374.99,KXINXU,INXU-24AUG28,"Will the S&P 500 be above 5374.99 at the end of Aug 28, 2024?",yes,finalized,2024-08-27T20:00:00Z,2024-08-28T20:00:00Z,2024-08-29T01:09:01.103834Z,2
Financials,INXU-24AUG28-T5349.99,KXINXU,INXU-24AUG28,"Will the S&P 500 be above 5349.99 at the end of Aug 28, 2024?",yes,finalized,2024-08-27T20:00:00Z,2024-08-28T20:00:00Z,2024-08-29T01:09:01.113582Z,2
Financials,INXU-24AUG28-T5324.99,KXINXU,INXU-24AUG28,"Will the S&P 500 be above 5324.99 at the end of Aug 28, 2024?",yes,finalized,2024-08-27T20:00:00Z,2024-08-28T20:00:00Z,2024-08-29T01:09:01.123294Z,2
Financials,INXU-24AUG28-T5299.99,KXINXU,INXU-24AUG28,"Will the S&P 500 be above 5299.99 at the end of Aug 28, 2024?",yes,finalized,2024-08-27T20:00:00Z,2024-08-28T20:00:00Z,2024-08-29T01:09:01.133099Z,2
Financials,INXU-24AUG28-T5274.99,KXINXU,INXU-24AUG28,"Will the S&P 500 be above 5274.99 at the end of Aug 28, 2024?",yes,finalized,2024-08-27T20:00:00Z,2024-08-28T20:00:00Z,2024-08-29T01:09:01.153592Z,2
Financials,INXU-24AUG28-T5249.99,KXINXU,INXU-24AUG28,"Will the S&P 500 be above 5249.99 at the end of Aug 28, 2024?",yes,finalized,2024-08-27T20:00:00Z,2024-08-28T20:00:00Z,2024-08-29T01:09:00.463768Z,2
Financials,INXU-24AUG28-T5224.99,KXINXU,INXU-24AUG28,"Will the S&P 500 be above 5224.99 at the end of Aug 28, 2024?",yes,finalized,2024-08-27T20:00:00Z,2024-08-28T20:00:00Z,2024-08-29T01:09:00.40374Z,2
Financials,INXU-24AUG27-T5616.84,KXINXU,INXU-24AUG27,"Will the S&P 500 be above 5616.84 at the end of Aug 27, 2024?",yes,finalized,2024-08-26T20:45:00Z,2024-08-27T20:00:00Z,2024-08-28T01:08:01.199421Z,30171
Financials,INXU-24AUG27-T5974.99,KXINXU,INXU-24AUG27,"Will the S&P 500 be above 5974.99 at the end of Aug 27, 2024?",no,finalized,2024-08-26T20:00:00Z,2024-08-27T20:00:00Z,2024-08-28T01:08:01.178867Z,2
Financials,INXU-24AUG27-T5949.99,KXINXU,INXU-24AUG27,"Will the S&P 500 be above 5949.99 at the end of Aug 27, 2024?",no,finalized,2024-08-26T20:00:00Z,2024-08-27T20:00:00Z,2024-08-28T01:08:01.229049Z,2
Financials,INXU-24AUG27-T5924.99,KXINXU,INXU-24AUG27,"Will the S&P 500 be above 5924.99 at the end of Aug 27, 2024?",no,finalized,2024-08-26T20:00:00Z,2024-08-27T20:00:00Z,2024-08-28T01:08:01.239465Z,2
Financials,INXU-24AUG27-T5899.99,KXINXU,INXU-24AUG27,"Will the S&P 500 be above 5899.99 at the end of Aug 27, 2024?",no,finalized,2024-08-26T20:00:00Z,2024-08-27T20:00:00Z,2024-08-28T01:08:01.269316Z,2
Financials,INXU-24AUG27-T5874.99,KXINXU,INXU-24AUG27,"Will the S&P 500 be above 5874.99 at the end of Aug 27, 2024?",no,finalized,2024-08-26T20:00:00Z,2024-08-27T20:00:00Z,2024-08-28T01:07:00.658967Z,2
Financials,INXU-24AUG27-T5849.99,KXINXU,INXU-24AUG27,"Will the S&P 500 be above 5849.99 at the end of Aug 27, 2024?",no,finalized,2024-08-26T20:00:00Z,2024-08-27T20:00:00Z,2024-08-28T01:07:00.664362Z,2
Financials,INXU-24AUG27-T5824.99,KXINXU,INXU-24AUG27,"Will the S&P 500 be above 5824.99 at the end of Aug 27, 2024?",no,finalized,2024-08-26T20:00:00Z,2024-08-27T20:00:00Z,2024-08-28T01:07:00.649536Z,2
Financials,INXU-24AUG27-T5799.99,KXINXU,INXU-24AUG27,"Will the S&P 500 be above 5799.99 at the end of Aug 27, 2024?",no,finalized,2024-08-26T20:00:00Z,2024-08-27T20:00:00Z,2024-08-28T01:07:00.678985Z,2
Financials,INXU-24AUG27-T5774.99,KXINXU,INXU-24AUG27,"Will the S&P 500 be above 5774.99 at the end of Aug 27, 2024?",no,finalized,2024-08-26T20:00:00Z,2024-08-27T20:00:00Z,2024-08-28T01:07:00.699Z,2
Financials,INXU-24AUG27-T5749.99,KXINXU,INXU-24AUG27,"Will the S&P 500 be above 5749.99 at the end of Aug 27, 2024?",no,finalized,2024-08-26T20:00:00Z,2024-08-27T20:00:00Z,2024-08-28T01:08:01.129192Z,2
Financials,INXU-24AUG27-T5724.99,KXINXU,INXU-24AUG27,"Will the S&P 500 be above 5724.99 at the end of Aug 27, 2024?",no,finalized,2024-08-26T20:00:00Z,2024-08-27T20:00:00Z,2024-08-28T01:07:00.708662Z,2
Financials,INXU-24AUG27-T5699.99,KXINXU,INXU-24AUG27,"Will the S&P 500 be above 5699.99 at the end of Aug 27, 2024?",no,finalized,2024-08-26T20:00:00Z,2024-08-27T20:00:00Z,2024-08-28T01:08:01.149516Z,7
Financials,INXU-24AUG27-T5674.99,KXINXU,INXU-24AUG27,"Will the S&P 500 be above 5674.99 at the end of Aug 27, 2024?",no,finalized,2024-08-26T20:00:00Z,2024-08-27T20:00:00Z,2024-08-28T01:07:00.719098Z,4
Financials,INXU-24AUG27-T5649.99,KXINXU,INXU-24AUG27,"Will the S&P 500 be above 5649.99 at the end of Aug 27, 2024?",no,finalized,2024-08-26T20:00:00Z,2024-08-27T20:00:00Z,2024-08-28T01:07:00.739011Z,9529
Financials,INXU-24AUG27-T5624.99,KXINXU,INXU-24AUG27,"Will the S&P 500 be above 5624.99 at the end of Aug 27, 2024?",yes,finalized,2024-08-26T20:00:00Z,2024-08-27T20:00:00Z,2024-08-28T01:07:00.628841Z,44731
Financials,INXU-24AUG27-T5599.99,KXINXU,INXU-24AUG27,"Will the S&P 500 be above 5599.99 at the end of Aug 27, 2024?",yes,finalized,2024-08-26T20:00:00Z,2024-08-27T20:00:00Z,2024-08-28T01:07:00.748914Z,42104
Financials,INXU-24AUG27-T5574.99,KXINXU,INXU-24AUG27,"Will the S&P 500 be above 5574.99 at the end of Aug 27, 2024?",yes,finalized,2024-08-26T20:00:00Z,2024-08-27T20:00:00Z,2024-08-28T01:07:00.769038Z,6693
Financials,INXU-24AUG27-T5549.99,KXINXU,INXU-24AUG27,"Will the S&P 500 be above 5549.99 at the end of Aug 27, 2024?",yes,finalized,2024-08-26T20:00:00Z,2024-08-27T20:00:00Z,2024-08-28T01:07:00.778865Z,1742
Financials,INXU-24AUG27-T5524.99,KXINXU,INXU-24AUG27,"Will the S&P 500 be above 5524.99 at the end of Aug 27, 2024?",yes,finalized,2024-08-26T20:00:00Z,2024-08-27T20:00:00Z,2024-08-28T01:07:00.798643Z,2
Financials,INXU-24AUG27-T5499.99,KXINXU,INXU-24AUG27,"Will the S&P 500 be above 5499.99 at the end of Aug 27, 2024?",yes,finalized,2024-08-26T20:00:00Z,2024-08-27T20:00:00Z,2024-08-28T01:07:00.808779Z,4
Financials,INXU-24AUG27-T5474.99,KXINXU,INXU-24AUG27,"Will the S&P 500 be above 5474.99 at the end of Aug 27, 2024?",yes,finalized,2024-08-26T20:00:00Z,2024-08-27T20:00:00Z,2024-08-28T01:07:00.819336Z,2
Financials,INXU-24AUG27-T5449.99,KXINXU,INXU-24AUG27,"Will the S&P 500 be above 5449.99 at the end of Aug 27, 2024?",yes,finalized,2024-08-26T20:00:00Z,2024-08-27T20:00:00Z,2024-08-28T01:07:00.839339Z,2
Financials,INXU-24AUG27-T5424.99,KXINXU,INXU-24AUG27,"Will the S&P 500 be above 5424.99 at the end of Aug 27, 2024?",yes,finalized,2024-08-26T20:00:00Z,2024-08-27T20:00:00Z,2024-08-28T01:07:00.859191Z,2
Financials,INXU-24AUG27-T5399.99,KXINXU,INXU-24AUG27,"Will the S&P 500 be above 5399.99 at the end of Aug 27, 2024?",yes,finalized,2024-08-26T20:00:00Z,2024-08-27T20:00:00Z,2024-08-28T01:07:00.868685Z,2
Financials,INXU-24AUG27-T5374.99,KXINXU,INXU-24AUG27,"Will the S&P 500 be above 5374.99 at the end of Aug 27, 2024?",yes,finalized,2024-08-26T20:00:00Z,2024-08-27T20:00:00Z,2024-08-28T01:07:00.879243Z,2
Financials,INXU-24AUG27-T5349.99,KXINXU,INXU-24AUG27,"Will the S&P 500 be above 5349.99 at the end of Aug 27, 2024?",yes,finalized,2024-08-26T20:00:00Z,2024-08-27T20:00:00Z,2024-08-28T01:07:00.888711Z,2
Financials,INXU-24AUG27-T5324.99,KXINXU,INXU-24AUG27,"Will the S&P 500 be above 5324.99 at the end of Aug 27, 2024?",yes,finalized,2024-08-26T20:00:00Z,2024-08-27T20:00:00Z,2024-08-28T01:07:00.909531Z,2
Financials,INXU-24AUG27-T5299.99,KXINXU,INXU-24AUG27,"Will the S&P 500 be above 5299.99 at the end of Aug 27, 2024?",yes,finalized,2024-08-26T20:00:00Z,2024-08-27T20:00:00Z,2024-08-28T01:07:01.209463Z,2
Financials,INXU-24AUG27-T5274.99,KXINXU,INXU-24AUG27,"Will the S&P 500 be above 5274.99 at the end of Aug 27, 2024?",yes,finalized,2024-08-26T20:00:00Z,2024-08-27T20:00:00Z,2024-08-28T01:08:01.11937Z,2
Financials,INXU-24AUG27-T5249.99,KXINXU,INXU-24AUG27,"Will the S&P 500 be above 5249.99 at the end of Aug 27, 2024?",yes,finalized,2024-08-26T20:00:00Z,2024-08-27T20:00:00Z,2024-08-28T01:07:01.228927Z,2
Financials,INXU-24AUG26-T5634.61,KXINXU,INXU-24AUG26,"Will the S&P 500 be above 5634.61 at the end of Aug 26, 2024?",no,finalized,2024-08-23T20:45:00Z,2024-08-26T20:00:00Z,2024-08-27T01:12:00.498301Z,14544
Financials,INXU-24AUG26-T5899.99,KXINXU,INXU-24AUG26,"Will the S&P 500 be above 5899.99 at the end of Aug 26, 2024?",no,finalized,2024-08-23T20:00:00Z,2024-08-26T20:00:00Z,2024-08-27T01:11:00.997686Z,2
Financials,INXU-24AUG26-T5874.99,KXINXU,INXU-24AUG26,"Will the S&P 500 be above 5874.99 at the end of Aug 26, 2024?",no,finalized,2024-08-23T20:00:00Z,2024-08-26T20:00:00Z,2024-08-27T01:11:01.438154Z,2
Financials,INXU-24AUG26-T5849.99,KXINXU,INXU-24AUG26,"Will the S&P 500 be above 5849.99 at the end of Aug 26, 2024?",no,finalized,2024-08-23T20:00:00Z,2024-08-26T20:00:00Z,2024-08-27T01:11:01.018386Z,2
Financials,INXU-24AUG26-T5824.99,KXINXU,INXU-24AUG26,"Will the S&P 500 be above 5824.99 at the end of Aug 26, 2024?",no,finalized,2024-08-23T20:00:00Z,2024-08-26T20:00:00Z,2024-08-27T01:11:01.027761Z,2
Financials,INXU-24AUG26-T5799.99,KXINXU,INXU-24AUG26,"Will the S&P 500 be above 5799.99 at the end of Aug 26, 2024?",no,finalized,2024-08-23T20:00:00Z,2024-08-26T20:00:00Z,2024-08-27T01:11:01.047578Z,2
Financials,INXU-24AUG26-T5774.99,KXINXU,INXU-24AUG26,"Will the S&P 500 be above 5774.99 at the end of Aug 26, 2024?",no,finalized,2024-08-23T20:00:00Z,2024-08-26T20:00:00Z,2024-08-27T01:11:01.068093Z,2
Financials,INXU-24AUG26-T5749.99,KXINXU,INXU-24AUG26,"Will the S&P 500 be above 5749.99 at the end of Aug 26, 2024?",no,finalized,2024-08-23T20:00:00Z,2024-08-26T20:00:00Z,2024-08-27T01:11:01.087968Z,2
Financials,INXU-24AUG26-T5724.99,KXINXU,INXU-24AUG26,"Will the S&P 500 be above 5724.99 at the end of Aug 26, 2024?",no,finalized,2024-08-23T20:00:00Z,2024-08-26T20:00:00Z,2024-08-27T01:11:01.107939Z,12
Financials,INXU-24AUG26-T5699.99,KXINXU,INXU-24AUG26,"Will the S&P 500 be above 5699.99 at the end of Aug 26, 2024?",no,finalized,2024-08-23T20:00:00Z,2024-08-26T20:00:00Z,2024-08-27T01:11:01.118159Z,12
Financials,INXU-24AUG26-T5674.99,KXINXU,INXU-24AUG26,"Will the S&P 500 be above 5674.99 at the end of Aug 26, 2024?",no,finalized,2024-08-23T20:00:00Z,2024-08-26T20:00:00Z,2024-08-27T01:11:01.138014Z,3137
Financials,INXU-24AUG26-T5649.99,KXINXU,INXU-24AUG26,"Will the S&P 500 be above 5649.99 at the end of Aug 26, 2024?",no,finalized,2024-08-23T20:00:00Z,2024-08-26T20:00:00Z,2024-08-27T01:11:01.147862Z,9481
Financials,INXU-24AUG26-T5624.99,KXINXU,INXU-24AUG26,"Will the S&P 500 be above 5624.99 at the end of Aug 26, 2024?",no,finalized,2024-08-23T20:00:00Z,2024-08-26T20:00:00Z,2024-08-27T01:11:01.337494Z,29480
Financials,INXU-24AUG26-T5599.99,KXINXU,INXU-24AUG26,"Will the S&P 500 be above 5599.99 at the end of Aug 26, 2024?",yes,finalized,2024-08-23T20:00:00Z,2024-08-26T20:00:00Z,2024-08-27T01:11:01.348343Z,24894
Financials,INXU-24AUG26-T5574.99,KXINXU,INXU-24AUG26,"Will the S&P 500 be above 5574.99 at the end of Aug 26, 2024?",yes,finalized,2024-08-23T20:00:00Z,2024-08-26T20:00:00Z,2024-08-27T01:11:01.368282Z,19522
Financials,INXU-24AUG26-T5549.99,KXINXU,INXU-24AUG26,"Will the S&P 500 be above 5549.99 at the end of Aug 26, 2024?",yes,finalized,2024-08-23T20:00:00Z,2024-08-26T20:00:00Z,2024-08-27T01:11:01.387997Z,2
Financials,INXU-24AUG26-T5524.99,KXINXU,INXU-24AUG26,"Will the S&P 500 be above 5524.99 at the end of Aug 26, 2024?",yes,finalized,2024-08-23T20:00:00Z,2024-08-26T20:00:00Z,2024-08-27T01:11:01.407672Z,2
Financials,INXU-24AUG26-T5499.99,KXINXU,INXU-24AUG26,"Will the S&P 500 be above 5499.99 at the end of Aug 26, 2024?",yes,finalized,2024-08-23T20:00:00Z,2024-08-26T20:00:00Z,2024-08-27T01:10:00.557967Z,2
Financials,INXU-24AUG26-T5474.99,KXINXU,INXU-24AUG26,"Will the S&P 500 be above 5474.99 at the end of Aug 26, 2024?",yes,finalized,2024-08-23T20:00:00Z,2024-08-26T20:00:00Z,2024-08-27T01:10:00.577939Z,2
Financials,INXU-24AUG26-T5449.99,KXINXU,INXU-24AUG26,"Will the S&P 500 be above 5449.99 at the end of Aug 26, 2024?",yes,finalized,2024-08-23T20:00:00Z,2024-08-26T20:00:00Z,2024-08-27T01:10:00.588176Z,2
Financials,INXU-24AUG26-T5424.99,KXINXU,INXU-24AUG26,"Will the S&P 500 be above 5424.99 at the end of Aug 26, 2024?",yes,finalized,2024-08-23T20:00:00Z,2024-08-26T20:00:00Z,2024-08-27T01:10:00.608499Z,2
Financials,INXU-24AUG26-T5399.99,KXINXU,INXU-24AUG26,"Will the S&P 500 be above 5399.99 at the end of Aug 26, 2024?",yes,finalized,2024-08-23T20:00:00Z,2024-08-26T20:00:00Z,2024-08-27T01:10:00.61773Z,2
Financials,INXU-24AUG26-T5374.99,KXINXU,INXU-24AUG26,"Will the S&P 500 be above 5374.99 at the end of Aug 26, 2024?",yes,finalized,2024-08-23T20:00:00Z,2024-08-26T20:00:00Z,2024-08-27T01:10:00.627793Z,2
Financials,INXU-24AUG26-T5349.99,KXINXU,INXU-24AUG26,"Will the S&P 500 be above 5349.99 at the end of Aug 26, 2024?",yes,finalized,2024-08-23T20:00:00Z,2024-08-26T20:00:00Z,2024-08-27T01:10:01.098046Z,2
Financials,INXU-24AUG26-T5324.99,KXINXU,INXU-24AUG26,"Will the S&P 500 be above 5324.99 at the end of Aug 26, 2024?",yes,finalized,2024-08-23T20:00:00Z,2024-08-26T20:00:00Z,2024-08-27T01:10:00.647687Z,2
Financials,INXU-24AUG26-T5299.99,KXINXU,INXU-24AUG26,"Will the S&P 500 be above 5299.99 at the end of Aug 26, 2024?",yes,finalized,2024-08-23T20:00:00Z,2024-08-26T20:00:00Z,2024-08-27T01:10:01.107618Z,2
Financials,INXU-24AUG26-T5274.99,KXINXU,INXU-24AUG26,"Will the S&P 500 be above 5274.99 at the end of Aug 26, 2024?",yes,finalized,2024-08-23T20:00:00Z,2024-08-26T20:00:00Z,2024-08-27T01:10:01.148018Z,2
Financials,INXU-24AUG26-T5249.99,KXINXU,INXU-24AUG26,"Will the S&P 500 be above 5249.99 at the end of Aug 26, 2024?",yes,finalized,2024-08-23T20:00:00Z,2024-08-26T20:00:00Z,2024-08-27T01:10:01.198161Z,2
Financials,INXU-24AUG26-T5224.99,KXINXU,INXU-24AUG26,"Will the S&P 500 be above 5224.99 at the end of Aug 26, 2024?",yes,finalized,2024-08-23T20:00:00Z,2024-08-26T20:00:00Z,2024-08-27T01:10:01.178419Z,2
Financials,INXU-24AUG26-T5199.99,KXINXU,INXU-24AUG26,"Will the S&P 500 be above 5199.99 at the end of Aug 26, 2024?",yes,finalized,2024-08-23T20:00:00Z,2024-08-26T20:00:00Z,2024-08-27T01:12:00.417919Z,2
Financials,INXU-24AUG26-T5174.99,KXINXU,INXU-24AUG26,"Will the S&P 500 be above 5174.99 at the end of Aug 26, 2024?",yes,finalized,2024-08-23T20:00:00Z,2024-08-26T20:00:00Z,2024-08-27T01:12:00.427997Z,2
Financials,INXU-24AUG23-T5570.64,KXINXU,INXU-24AUG23,"Will the S&P 500 be above 5570.64 at the end of Aug 23, 2024?",yes,finalized,2024-08-22T20:45:00Z,2024-08-23T20:00:00Z,2024-08-24T01:04:00.518498Z,18820
Financials,INXU-24AUG23-T5949.99,KXINXU,INXU-24AUG23,"Will the S&P 500 be above 5949.99 at the end of Aug 23, 2024?",no,finalized,2024-08-22T20:00:00Z,2024-08-23T20:00:00Z,2024-08-24T01:03:00.60927Z,2
Financials,INXU-24AUG23-T5924.99,KXINXU,INXU-24AUG23,"Will the S&P 500 be above 5924.99 at the end of Aug 23, 2024?",no,finalized,2024-08-22T20:00:00Z,2024-08-23T20:00:00Z,2024-08-24T01:03:00.989454Z,2
Financials,INXU-24AUG23-T5899.99,KXINXU,INXU-24AUG23,"Will the S&P 500 be above 5899.99 at the end of Aug 23, 2024?",no,finalized,2024-08-22T20:00:00Z,2024-08-23T20:00:00Z,2024-08-24T01:03:01.238985Z,2
Financials,INXU-24AUG23-T5874.99,KXINXU,INXU-24AUG23,"Will the S&P 500 be above 5874.99 at the end of Aug 23, 2024?",no,finalized,2024-08-22T20:00:00Z,2024-08-23T20:00:00Z,2024-08-24T01:03:01.2187Z,2
Financials,INXU-24AUG23-T5849.99,KXINXU,INXU-24AUG23,"Will the S&P 500 be above 5849.99 at the end of Aug 23, 2024?",no,finalized,2024-08-22T20:00:00Z,2024-08-23T20:00:00Z,2024-08-24T01:03:01.249466Z,2
Financials,INXU-24AUG23-T5824.99,KXINXU,INXU-24AUG23,"Will the S&P 500 be above 5824.99 at the end of Aug 23, 2024?",no,finalized,2024-08-22T20:00:00Z,2024-08-23T20:00:00Z,2024-08-24T01:03:01.258808Z,2
Financials,INXU-24AUG23-T5799.99,KXINXU,INXU-24AUG23,"Will the S&P 500 be above 5799.99 at the end of Aug 23, 2024?",no,finalized,2024-08-22T20:00:00Z,2024-08-23T20:00:00Z,2024-08-24T01:03:01.318738Z,2
Financials,INXU-24AUG23-T5774.99,KXINXU,INXU-24AUG23,"Will the S&P 500 be above 5774.99 at the end of Aug 23, 2024?",no,finalized,2024-08-22T20:00:00Z,2024-08-23T20:00:00Z,2024-08-24T01:03:01.289028Z,2
Financials,INXU-24AUG23-T5749.99,KXINXU,INXU-24AUG23,"Will the S&P 500 be above 5749.99 at the end of Aug 23, 2024?",no,finalized,2024-08-22T20:00:00Z,2024-08-23T20:00:00Z,2024-08-24T01:03:01.339448Z,2
Financials,INXU-24AUG23-T5724.99,KXINXU,INXU-24AUG23,"Will the S&P 500 be above 5724.99 at the end of Aug 23, 2024?",no,finalized,2024-08-22T20:00:00Z,2024-08-23T20:00:00Z,2024-08-24T01:04:00.529382Z,4
Financials,INXU-24AUG23-T5699.99,KXINXU,INXU-24AUG23,"Will the S&P 500 be above 5699.99 at the end of Aug 23, 2024?",no,finalized,2024-08-22T20:00:00Z,2024-08-23T20:00:00Z,2024-08-24T01:02:00.278806Z,18532
Financials,INXU-24AUG23-T5674.99,KXINXU,INXU-24AUG23,"Will the S&P 500 be above 5674.99 at the end of Aug 23, 2024?",no,finalized,2024-08-22T20:00:00Z,2024-08-23T20:00:00Z,2024-08-24T01:02:00.298653Z,26256
Financials,INXU-24AUG23-T5649.99,KXINXU,INXU-24AUG23,"Will the S&P 500 be above 5649.99 at the end of Aug 23, 2024?",no,finalized,2024-08-22T20:00:00Z,2024-08-23T20:00:00Z,2024-08-24T01:02:00.309107Z,13034
Financials,INXU-24AUG23-T5624.99,KXINXU,INXU-24AUG23,"Will the S&P 500 be above 5624.99 at the end of Aug 23, 2024?",yes,finalized,2024-08-22T20:00:00Z,2024-08-23T20:00:00Z,2024-08-24T01:02:00.338949Z,32184
Financials,INXU-24AUG23-T5599.99,KXINXU,INXU-24AUG23,"Will the S&P 500 be above 5599.99 at the end of Aug 23, 2024?",yes,finalized,2024-08-22T20:00:00Z,2024-08-23T20:00:00Z,2024-08-24T01:02:00.329065Z,19621
Financials,INXU-24AUG23-T5574.99,KXINXU,INXU-24AUG23,"Will the S&P 500 be above 5574.99 at the end of Aug 23, 2024?",yes,finalized,2024-08-22T20:00:00Z,2024-08-23T20:00:00Z,2024-08-24T01:02:00.358819Z,7303
Financials,INXU-24AUG23-T5549.99,KXINXU,INXU-24AUG23,"Will the S&P 500 be above 5549.99 at the end of Aug 23, 2024?",yes,finalized,2024-08-22T20:00:00Z,2024-08-23T20:00:00Z,2024-08-24T01:02:00.399192Z,21769
Financials,INXU-24AUG23-T5524.99,KXINXU,INXU-24AUG23,"Will the S&P 500 be above 5524.99 at the end of Aug 23, 2024?",yes,finalized,2024-08-22T20:00:00Z,2024-08-23T20:00:00Z,2024-08-24T01:02:00.819307Z,9492
Financials,INXU-24AUG23-T5499.99,KXINXU,INXU-24AUG23,"Will the S&P 500 be above 5499.99 at the end of Aug 23, 2024?",yes,finalized,2024-08-22T20:00:00Z,2024-08-23T20:00:00Z,2024-08-24T01:02:00.83933Z,1202
Financials,INXU-24AUG23-T5474.99,KXINXU,INXU-24AUG23,"Will the S&P 500 be above 5474.99 at the end of Aug 23, 2024?",yes,finalized,2024-08-22T20:00:00Z,2024-08-23T20:00:00Z,2024-08-24T01:02:00.848918Z,202
Financials,INXU-24AUG23-T5449.99,KXINXU,INXU-24AUG23,"Will the S&P 500 be above 5449.99 at the end of Aug 23, 2024?",yes,finalized,2024-08-22T20:00:00Z,2024-08-23T20:00:00Z,2024-08-24T01:02:00.859084Z,4
Financials,INXU-24AUG23-T5424.99,KXINXU,INXU-24AUG23,"Will the S&P 500 be above 5424.99 at the end of Aug 23, 2024?",yes,finalized,2024-08-22T20:00:00Z,2024-08-23T20:00:00Z,2024-08-24T01:02:00.868428Z,2
Financials,INXU-24AUG23-T5399.99,KXINXU,INXU-24AUG23,"Will the S&P 500 be above 5399.99 at the end of Aug 23, 2024?",yes,finalized,2024-08-22T20:00:00Z,2024-08-23T20:00:00Z,2024-08-24T01:02:00.878656Z,2
Financials,INXU-24AUG23-T5374.99,KXINXU,INXU-24AUG23,"Will the S&P 500 be above 5374.99 at the end of Aug 23, 2024?",yes,finalized,2024-08-22T20:00:00Z,2024-08-23T20:00:00Z,2024-08-24T01:02:00.899349Z,2
Financials,INXU-24AUG23-T5349.99,KXINXU,INXU-24AUG23,"Will the S&P 500 be above 5349.99 at the end of Aug 23, 2024?",yes,finalized,2024-08-22T20:00:00Z,2024-08-23T20:00:00Z,2024-08-24T01:02:00.908676Z,2
Financials,INXU-24AUG23-T5324.99,KXINXU,INXU-24AUG23,"Will the S&P 500 be above 5324.99 at the end of Aug 23, 2024?",yes,finalized,2024-08-22T20:00:00Z,2024-08-23T20:00:00Z,2024-08-24T01:02:00.929416Z,2
Financials,INXU-24AUG23-T5299.99,KXINXU,INXU-24AUG23,"Will the S&P 500 be above 5299.99 at the end of Aug 23, 2024?",yes,finalized,2024-08-22T20:00:00Z,2024-08-23T20:00:00Z,2024-08-24T01:02:00.949085Z,2
Financials,INXU-24AUG23-T5274.99,KXINXU,INXU-24AUG23,"Will the S&P 500 be above 5274.99 at the end of Aug 23, 2024?",yes,finalized,2024-08-22T20:00:00Z,2024-08-23T20:00:00Z,2024-08-24T01:02:00.978902Z,2
Financials,INXU-24AUG23-T5249.99,KXINXU,INXU-24AUG23,"Will the S&P 500 be above 5249.99 at the end of Aug 23, 2024?",yes,finalized,2024-08-22T20:00:00Z,2024-08-23T20:00:00Z,2024-08-24T01:02:00.958652Z,2
Financials,INXU-24AUG23-T5224.99,KXINXU,INXU-24AUG23,"Will the S&P 500 be above 5224.99 at the end of Aug 23, 2024?",yes,finalized,2024-08-22T20:00:00Z,2024-08-23T20:00:00Z,2024-08-24T01:02:00.989168Z,2
Financials,INXU-24AUG22-T5620.85,KXINXU,INXU-24AUG22,"Will the S&P 500 be above 5620.85 at the end of Aug 22, 2024?",no,finalized,2024-08-21T20:45:00Z,2024-08-22T20:00:00Z,2024-08-23T01:28:00.396355Z,11154
Financials,INXU-24AUG22-T5924.99,KXINXU,INXU-24AUG22,"Will the S&P 500 be above 5924.99 at the end of Aug 22, 2024?",no,finalized,2024-08-21T20:00:00Z,2024-08-22T20:00:00Z,2024-08-23T01:25:00.386352Z,2
Financials,INXU-24AUG22-T5899.99,KXINXU,INXU-24AUG22,"Will the S&P 500 be above 5899.99 at the end of Aug 22, 2024?",no,finalized,2024-08-21T20:00:00Z,2024-08-22T20:00:00Z,2024-08-23T01:25:00.366757Z,2
Financials,INXU-24AUG22-T5874.99,KXINXU,INXU-24AUG22,"Will the S&P 500 be above 5874.99 at the end of Aug 22, 2024?",no,finalized,2024-08-21T20:00:00Z,2024-08-22T20:00:00Z,2024-08-23T01:24:00.256227Z,2
Financials,INXU-24AUG22-T5849.99,KXINXU,INXU-24AUG22,"Will the S&P 500 be above 5849.99 at the end of Aug 22, 2024?",no,finalized,2024-08-21T20:00:00Z,2024-08-22T20:00:00Z,2024-08-23T01:23:00.657026Z,2
Financials,INXU-24AUG22-T5824.99,KXINXU,INXU-24AUG22,"Will the S&P 500 be above 5824.99 at the end of Aug 22, 2024?",no,finalized,2024-08-21T20:00:00Z,2024-08-22T20:00:00Z,2024-08-23T01:23:00.647121Z,2
Financials,INXU-24AUG22-T5799.99,KXINXU,INXU-24AUG22,"Will the S&P 500 be above 5799.99 at the end of Aug 22, 2024?",no,finalized,2024-08-21T20:00:00Z,2024-08-22T20:00:00Z,2024-08-23T01:22:00.5569Z,2
Financials,INXU-24AUG22-T5774.99,KXINXU,INXU-24AUG22,"Will the S&P 500 be above 5774.99 at the end of Aug 22, 2024?",no,finalized,2024-08-21T20:00:00Z,2024-08-22T20:00:00Z,2024-08-23T01:22:00.546422Z,2
Financials,INXU-24AUG22-T5749.99,KXINXU,INXU-24AUG22,"Will the S&P 500 be above 5749.99 at the end of Aug 22, 2024?",no,finalized,2024-08-21T20:00:00Z,2024-08-22T20:00:00Z,2024-08-23T01:22:00.537114Z,2
Financials,INXU-24AUG22-T5724.99,KXINXU,INXU-24AUG22,"Will the S&P 500 be above 5724.99 at the end of Aug 22, 2024?",no,finalized,2024-08-21T20:00:00Z,2024-08-22T20:00:00Z,2024-08-23T01:21:00.436424Z,2
Financials,INXU-24AUG22-T5699.99,KXINXU,INXU-24AUG22,"Will the S&P 500 be above 5699.99 at the end of Aug 22, 2024?",no,finalized,2024-08-21T20:00:00Z,2024-08-22T20:00:00Z,2024-08-23T01:21:00.42614Z,2
Financials,INXU-24AUG22-T5674.99,KXINXU,INXU-24AUG22,"Will the S&P 500 be above 5674.99 at the end of Aug 22, 2024?",no,finalized,2024-08-21T20:00:00Z,2024-08-22T20:00:00Z,2024-08-23T01:20:00.276844Z,1770
Financials,INXU-24AUG22-T5649.99,KXINXU,INXU-24AUG22,"Will the S&P 500 be above 5649.99 at the end of Aug 22, 2024?",no,finalized,2024-08-21T20:00:00Z,2024-08-22T20:00:00Z,2024-08-23T01:29:00.626362Z,11379
Financials,INXU-24AUG22-T5624.99,KXINXU,INXU-24AUG22,"Will the S&P 500 be above 5624.99 at the end of Aug 22, 2024?",no,finalized,2024-08-21T20:00:00Z,2024-08-22T20:00:00Z,2024-08-23T01:20:00.287029Z,12484
Financials,INXU-24AUG22-T5599.99,KXINXU,INXU-24AUG22,"Will the S&P 500 be above 5599.99 at the end of Aug 22, 2024?",no,finalized,2024-08-21T20:00:00Z,2024-08-22T20:00:00Z,2024-08-23T01:20:00.817018Z,31541
Financials,INXU-24AUG22-T5574.99,KXINXU,INXU-24AUG22,"Will the S&P 500 be above 5574.99 at the end of Aug 22, 2024?",no,finalized,2024-08-21T20:00:00Z,2024-08-22T20:00:00Z,2024-08-23T01:20:00.796803Z,82407
Financials,INXU-24AUG22-T5549.99,KXINXU,INXU-24AUG22,"Will the S&P 500 be above 5549.99 at the end of Aug 22, 2024?",yes,finalized,2024-08-21T20:00:00Z,2024-08-22T20:00:00Z,2024-08-23T01:20:00.336654Z,21512
Financials,INXU-24AUG22-T5524.99,KXINXU,INXU-24AUG22,"Will the S&P 500 be above 5524.99 at the end of Aug 22, 2024?",yes,finalized,2024-08-21T20:00:00Z,2024-08-22T20:00:00Z,2024-08-23T01:20:00.316659Z,227
Financials,INXU-24AUG22-T5499.99,KXINXU,INXU-24AUG22,"Will the S&P 500 be above 5499.99 at the end of Aug 22, 2024?",yes,finalized,2024-08-21T20:00:00Z,2024-08-22T20:00:00Z,2024-08-23T01:20:00.296724Z,202
Financials,INXU-24AUG22-T5474.99,KXINXU,INXU-24AUG22,"Will the S&P 500 be above 5474.99 at the end of Aug 22, 2024?",yes,finalized,2024-08-21T20:00:00Z,2024-08-22T20:00:00Z,2024-08-23T01:29:00.587011Z,2
Financials,INXU-24AUG22-T5449.99,KXINXU,INXU-24AUG22,"Will the S&P 500 be above 5449.99 at the end of Aug 22, 2024?",yes,finalized,2024-08-21T20:00:00Z,2024-08-22T20:00:00Z,2024-08-23T01:19:00.677035Z,2
Financials,INXU-24AUG22-T5424.99,KXINXU,INXU-24AUG22,"Will the S&P 500 be above 5424.99 at the end of Aug 22, 2024?",yes,finalized,2024-08-21T20:00:00Z,2024-08-22T20:00:00Z,2024-08-23T01:19:00.666512Z,2
Financials,INXU-24AUG22-T5399.99,KXINXU,INXU-24AUG22,"Will the S&P 500 be above 5399.99 at the end of Aug 22, 2024?",yes,finalized,2024-08-21T20:00:00Z,2024-08-22T20:00:00Z,2024-08-23T01:19:00.646932Z,2
Financials,INXU-24AUG22-T5374.99,KXINXU,INXU-24AUG22,"Will the S&P 500 be above 5374.99 at the end of Aug 22, 2024?",yes,finalized,2024-08-21T20:00:00Z,2024-08-22T20:00:00Z,2024-08-23T01:29:00.606124Z,2
Financials,INXU-24AUG22-T5349.99,KXINXU,INXU-24AUG22,"Will the S&P 500 be above 5349.99 at the end of Aug 22, 2024?",yes,finalized,2024-08-21T20:00:00Z,2024-08-22T20:00:00Z,2024-08-23T01:19:00.536155Z,2
Financials,INXU-24AUG22-T5324.99,KXINXU,INXU-24AUG22,"Will the S&P 500 be above 5324.99 at the end of Aug 22, 2024?",yes,finalized,2024-08-21T20:00:00Z,2024-08-22T20:00:00Z,2024-08-23T01:19:00.626923Z,2
Financials,INXU-24AUG22-T5299.99,KXINXU,INXU-24AUG22,"Will the S&P 500 be above 5299.99 at the end of Aug 22, 2024?",yes,finalized,2024-08-21T20:00:00Z,2024-08-22T20:00:00Z,2024-08-23T01:29:00.596726Z,2
Financials,INXU-24AUG22-T5274.99,KXINXU,INXU-24AUG22,"Will the S&P 500 be above 5274.99 at the end of Aug 22, 2024?",yes,finalized,2024-08-21T20:00:00Z,2024-08-22T20:00:00Z,2024-08-23T01:19:00.616252Z,2
Financials,INXU-24AUG22-T5249.99,KXINXU,INXU-24AUG22,"Will the S&P 500 be above 5249.99 at the end of Aug 22, 2024?",yes,finalized,2024-08-21T20:00:00Z,2024-08-22T20:00:00Z,2024-08-23T01:19:00.546897Z,2
Financials,INXU-24AUG22-T5224.99,KXINXU,INXU-24AUG22,"Will the S&P 500 be above 5224.99 at the end of Aug 22, 2024?",yes,finalized,2024-08-21T20:00:00Z,2024-08-22T20:00:00Z,2024-08-23T01:19:00.606668Z,2
Financials,INXU-24AUG22-T5199.99,KXINXU,INXU-24AUG22,"Will the S&P 500 be above 5199.99 at the end of Aug 22, 2024?",yes,finalized,2024-08-21T20:00:00Z,2024-08-22T20:00:00Z,2024-08-23T01:19:00.596321Z,2
Financials,INXU-24AUG21-T5597.12,KXINXU,INXU-24AUG21,"Will the S&P 500 be above 5597.12 at the end of Aug 21, 2024?",yes,finalized,2024-08-20T20:45:00Z,2024-08-21T20:00:00Z,2024-08-22T01:27:00.820489Z,16253
Financials,INXU-24AUG21-T5949.99,KXINXU,INXU-24AUG21,"Will the S&P 500 be above 5949.99 at the end of Aug 21, 2024?",no,finalized,2024-08-20T20:00:00Z,2024-08-21T20:00:00Z,2024-08-22T01:26:00.63569Z,2
Financials,INXU-24AUG21-T5924.99,KXINXU,INXU-24AUG21,"Will the S&P 500 be above 5924.99 at the end of Aug 21, 2024?",no,finalized,2024-08-20T20:00:00Z,2024-08-21T20:00:00Z,2024-08-22T01:26:00.645367Z,2
Financials,INXU-24AUG21-T5899.99,KXINXU,INXU-24AUG21,"Will the S&P 500 be above 5899.99 at the end of Aug 21, 2024?",no,finalized,2024-08-20T20:00:00Z,2024-08-21T20:00:00Z,2024-08-22T01:26:00.660335Z,2
Financials,INXU-24AUG21-T5874.99,KXINXU,INXU-24AUG21,"Will the S&P 500 be above 5874.99 at the end of Aug 21, 2024?",no,finalized,2024-08-20T20:00:00Z,2024-08-21T20:00:00Z,2024-08-22T01:26:00.680399Z,2
Financials,INXU-24AUG21-T5849.99,KXINXU,INXU-24AUG21,"Will the S&P 500 be above 5849.99 at the end of Aug 21, 2024?",no,finalized,2024-08-20T20:00:00Z,2024-08-21T20:00:00Z,2024-08-22T01:26:00.700497Z,2
Financials,INXU-24AUG21-T5824.99,KXINXU,INXU-24AUG21,"Will the S&P 500 be above 5824.99 at the end of Aug 21, 2024?",no,finalized,2024-08-20T20:00:00Z,2024-08-21T20:00:00Z,2024-08-22T01:26:00.710648Z,2
Financials,INXU-24AUG21-T5799.99,KXINXU,INXU-24AUG21,"Will the S&P 500 be above 5799.99 at the end of Aug 21, 2024?",no,finalized,2024-08-20T20:00:00Z,2024-08-21T20:00:00Z,2024-08-22T01:27:00.315707Z,2
Financials,INXU-24AUG21-T5774.99,KXINXU,INXU-24AUG21,"Will the S&P 500 be above 5774.99 at the end of Aug 21, 2024?",no,finalized,2024-08-20T20:00:00Z,2024-08-21T20:00:00Z,2024-08-22T01:26:01.325607Z,2
Financials,INXU-24AUG21-T5749.99,KXINXU,INXU-24AUG21,"Will the S&P 500 be above 5749.99 at the end of Aug 21, 2024?",no,finalized,2024-08-20T20:00:00Z,2024-08-21T20:00:00Z,2024-08-22T01:26:00.72563Z,2
Financials,INXU-24AUG21-T5724.99,KXINXU,INXU-24AUG21,"Will the S&P 500 be above 5724.99 at the end of Aug 21, 2024?",no,finalized,2024-08-20T20:00:00Z,2024-08-21T20:00:00Z,2024-08-22T01:26:00.735271Z,2
Financials,INXU-24AUG21-T5699.99,KXINXU,INXU-24AUG21,"Will the S&P 500 be above 5699.99 at the end of Aug 21, 2024?",no,finalized,2024-08-20T20:00:00Z,2024-08-21T20:00:00Z,2024-08-22T01:26:00.74581Z,2
Financials,INXU-24AUG21-T5674.99,KXINXU,INXU-24AUG21,"Will the S&P 500 be above 5674.99 at the end of Aug 21, 2024?",no,finalized,2024-08-20T20:00:00Z,2024-08-21T20:00:00Z,2024-08-22T01:26:00.76043Z,177
Financials,INXU-24AUG21-T5649.99,KXINXU,INXU-24AUG21,"Will the S&P 500 be above 5649.99 at the end of Aug 21, 2024?",no,finalized,2024-08-20T20:00:00Z,2024-08-21T20:00:00Z,2024-08-22T01:26:00.770066Z,43414
Financials,INXU-24AUG21-T5624.99,KXINXU,INXU-24AUG21,"Will the S&P 500 be above 5624.99 at the end of Aug 21, 2024?",no,finalized,2024-08-20T20:00:00Z,2024-08-21T20:00:00Z,2024-08-22T01:26:00.774839Z,24558
Financials,INXU-24AUG21-T5599.99,KXINXU,INXU-24AUG21,"Will the S&P 500 be above 5599.99 at the end of Aug 21, 2024?",yes,finalized,2024-08-20T20:00:00Z,2024-08-21T20:00:00Z,2024-08-22T01:26:00.80055Z,90254
Financials,INXU-24AUG21-T5574.99,KXINXU,INXU-24AUG21,"Will the S&P 500 be above 5574.99 at the end of Aug 21, 2024?",yes,finalized,2024-08-20T20:00:00Z,2024-08-21T20:00:00Z,2024-08-22T01:26:00.820245Z,19990
Financials,INXU-24AUG21-T5549.99,KXINXU,INXU-24AUG21,"Will the S&P 500 be above 5549.99 at the end of Aug 21, 2024?",yes,finalized,2024-08-20T20:00:00Z,2024-08-21T20:00:00Z,2024-08-22T01:26:00.830111Z,5753
Financials,INXU-24AUG21-T5524.99,KXINXU,INXU-24AUG21,"Will the S&P 500 be above 5524.99 at the end of Aug 21, 2024?",yes,finalized,2024-08-20T20:00:00Z,2024-08-21T20:00:00Z,2024-08-22T01:27:00.275364Z,152
Financials,INXU-24AUG21-T5499.99,KXINXU,INXU-24AUG21,"Will the S&P 500 be above 5499.99 at the end of Aug 21, 2024?",yes,finalized,2024-08-20T20:00:00Z,2024-08-21T20:00:00Z,2024-08-22T01:26:00.850524Z,2
Financials,INXU-24AUG21-T5474.99,KXINXU,INXU-24AUG21,"Will the S&P 500 be above 5474.99 at the end of Aug 21, 2024?",yes,finalized,2024-08-20T20:00:00Z,2024-08-21T20:00:00Z,2024-08-22T01:26:00.860151Z,2
Financials,INXU-24AUG21-T5449.99,KXINXU,INXU-24AUG21,"Will the S&P 500 be above 5449.99 at the end of Aug 21, 2024?",yes,finalized,2024-08-20T20:00:00Z,2024-08-21T20:00:00Z,2024-08-22T01:26:00.865485Z,2
Financials,INXU-24AUG21-T5424.99,KXINXU,INXU-24AUG21,"Will the S&P 500 be above 5424.99 at the end of Aug 21, 2024?",yes,finalized,2024-08-20T20:00:00Z,2024-08-21T20:00:00Z,2024-08-22T01:26:00.880356Z,2
Financials,INXU-24AUG21-T5399.99,KXINXU,INXU-24AUG21,"Will the S&P 500 be above 5399.99 at the end of Aug 21, 2024?",yes,finalized,2024-08-20T20:00:00Z,2024-08-21T20:00:00Z,2024-08-22T01:26:00.900453Z,2
Financials,INXU-24AUG21-T5374.99,KXINXU,INXU-24AUG21,"Will the S&P 500 be above 5374.99 at the end of Aug 21, 2024?",yes,finalized,2024-08-20T20:00:00Z,2024-08-21T20:00:00Z,2024-08-22T01:26:01.194884Z,2
Financials,INXU-24AUG21-T5349.99,KXINXU,INXU-24AUG21,"Will the S&P 500 be above 5349.99 at the end of Aug 21, 2024?",yes,finalized,2024-08-20T20:00:00Z,2024-08-21T20:00:00Z,2024-08-22T01:27:00.290109Z,2
Financials,INXU-24AUG21-T5324.99,KXINXU,INXU-24AUG21,"Will the S&P 500 be above 5324.99 at the end of Aug 21, 2024?",yes,finalized,2024-08-20T20:00:00Z,2024-08-21T20:00:00Z,2024-08-22T01:26:01.220453Z,2
Financials,INXU-24AUG21-T5299.99,KXINXU,INXU-24AUG21,"Will the S&P 500 be above 5299.99 at the end of Aug 21, 2024?",yes,finalized,2024-08-20T20:00:00Z,2024-08-21T20:00:00Z,2024-08-22T01:26:01.240484Z,2
Financials,INXU-24AUG21-T5274.99,KXINXU,INXU-24AUG21,"Will the S&P 500 be above 5274.99 at the end of Aug 21, 2024?",yes,finalized,2024-08-20T20:00:00Z,2024-08-21T20:00:00Z,2024-08-22T01:26:01.24491Z,2
Financials,INXU-24AUG21-T5249.99,KXINXU,INXU-24AUG21,"Will the S&P 500 be above 5249.99 at the end of Aug 21, 2024?",yes,finalized,2024-08-20T20:00:00Z,2024-08-21T20:00:00Z,2024-08-22T01:27:00.305604Z,2
Financials,INXU-24AUG21-T5224.99,KXINXU,INXU-24AUG21,"Will the S&P 500 be above 5224.99 at the end of Aug 21, 2024?",yes,finalized,2024-08-20T20:00:00Z,2024-08-21T20:00:00Z,2024-08-22T01:26:01.260248Z,2
Financials,INXU-24AUG20-T5608.25,KXINXU,INXU-24AUG20,"Will the S&P 500 be above 5608.25 at the end of Aug 20, 2024?",no,finalized,2024-08-19T20:45:00Z,2024-08-20T20:00:00Z,2024-08-21T01:19:00.426444Z,18609
Financials,INXU-24AUG20-T5899.99,KXINXU,INXU-24AUG20,"Will the S&P 500 be above 5899.99 at the end of Aug 20, 2024?",no,finalized,2024-08-19T20:00:00Z,2024-08-20T20:00:00Z,2024-08-21T01:20:01.236382Z,2
Financials,INXU-24AUG20-T5874.99,KXINXU,INXU-24AUG20,"Will the S&P 500 be above 5874.99 at the end of Aug 20, 2024?",no,finalized,2024-08-19T20:00:00Z,2024-08-20T20:00:00Z,2024-08-21T01:19:01.276531Z,2
Financials,INXU-24AUG20-T5849.99,KXINXU,INXU-24AUG20,"Will the S&P 500 be above 5849.99 at the end of Aug 20, 2024?",no,finalized,2024-08-19T20:00:00Z,2024-08-20T20:00:00Z,2024-08-21T01:19:01.257044Z,2
Financials,INXU-24AUG20-T5824.99,KXINXU,INXU-24AUG20,"Will the S&P 500 be above 5824.99 at the end of Aug 20, 2024?",no,finalized,2024-08-19T20:00:00Z,2024-08-20T20:00:00Z,2024-08-21T01:19:01.236504Z,2
Financials,INXU-24AUG20-T5799.99,KXINXU,INXU-24AUG20,"Will the S&P 500 be above 5799.99 at the end of Aug 20, 2024?",no,finalized,2024-08-19T20:00:00Z,2024-08-20T20:00:00Z,2024-08-21T01:19:01.216764Z,2
Financials,INXU-24AUG20-T5774.99,KXINXU,INXU-24AUG20,"Will the S&P 500 be above 5774.99 at the end of Aug 20, 2024?",no,finalized,2024-08-19T20:00:00Z,2024-08-20T20:00:00Z,2024-08-21T01:20:01.296772Z,2
Financials,INXU-24AUG20-T5749.99,KXINXU,INXU-24AUG20,"Will the S&P 500 be above 5749.99 at the end of Aug 20, 2024?",no,finalized,2024-08-19T20:00:00Z,2024-08-20T20:00:00Z,2024-08-21T01:19:01.186784Z,2
Financials,INXU-24AUG20-T5724.99,KXINXU,INXU-24AUG20,"Will the S&P 500 be above 5724.99 at the end of Aug 20, 2024?",no,finalized,2024-08-19T20:00:00Z,2024-08-20T20:00:00Z,2024-08-21T01:19:01.176121Z,2
Financials,INXU-24AUG20-T5699.99,KXINXU,INXU-24AUG20,"Will the S&P 500 be above 5699.99 at the end of Aug 20, 2024?",no,finalized,2024-08-19T20:00:00Z,2024-08-20T20:00:00Z,2024-08-21T01:19:01.146576Z,2
Financials,INXU-24AUG20-T5674.99,KXINXU,INXU-24AUG20,"Will the S&P 500 be above 5674.99 at the end of Aug 20, 2024?",no,finalized,2024-08-19T20:00:00Z,2024-08-20T20:00:00Z,2024-08-21T01:19:01.136448Z,3
Financials,INXU-24AUG20-T5649.99,KXINXU,INXU-24AUG20,"Will the S&P 500 be above 5649.99 at the end of Aug 20, 2024?",no,finalized,2024-08-19T20:00:00Z,2024-08-20T20:00:00Z,2024-08-21T01:20:01.256746Z,4697
Financials,INXU-24AUG20-T5624.99,KXINXU,INXU-24AUG20,"Will the S&P 500 be above 5624.99 at the end of Aug 20, 2024?",no,finalized,2024-08-19T20:00:00Z,2024-08-20T20:00:00Z,2024-08-21T01:19:01.106489Z,18952
Financials,INXU-24AUG20-T5599.99,KXINXU,INXU-24AUG20,"Will the S&P 500 be above 5599.99 at the end of Aug 20, 2024?",no,finalized,2024-08-19T20:00:00Z,2024-08-20T20:00:00Z,2024-08-21T01:19:01.096807Z,35733
Financials,INXU-24AUG20-T5574.99,KXINXU,INXU-24AUG20,"Will the S&P 500 be above 5574.99 at the end of Aug 20, 2024?",yes,finalized,2024-08-19T20:00:00Z,2024-08-20T20:00:00Z,2024-08-21T01:19:01.076936Z,67629
Financials,INXU-24AUG20-T5549.99,KXINXU,INXU-24AUG20,"Will the S&P 500 be above 5549.99 at the end of Aug 20, 2024?",yes,finalized,2024-08-19T20:00:00Z,2024-08-20T20:00:00Z,2024-08-21T01:19:01.066056Z,6625
Financials,INXU-24AUG20-T5524.99,KXINXU,INXU-24AUG20,"Will the S&P 500 be above 5524.99 at the end of Aug 20, 2024?",yes,finalized,2024-08-19T20:00:00Z,2024-08-20T20:00:00Z,2024-08-21T01:19:01.047004Z,132
Financials,INXU-24AUG20-T5499.99,KXINXU,INXU-24AUG20,"Will the S&P 500 be above 5499.99 at the end of Aug 20, 2024?",yes,finalized,2024-08-19T20:00:00Z,2024-08-20T20:00:00Z,2024-08-21T01:19:01.057022Z,2
Financials,INXU-24AUG20-T5474.99,KXINXU,INXU-24AUG20,"Will the S&P 500 be above 5474.99 at the end of Aug 20, 2024?",yes,finalized,2024-08-19T20:00:00Z,2024-08-20T20:00:00Z,2024-08-21T01:19:01.026877Z,2
Financials,INXU-24AUG20-T5449.99,KXINXU,INXU-24AUG20,"Will the S&P 500 be above 5449.99 at the end of Aug 20, 2024?",yes,finalized,2024-08-19T20:00:00Z,2024-08-20T20:00:00Z,2024-08-21T01:19:01.036085Z,2
Financials,INXU-24AUG20-T5424.99,KXINXU,INXU-24AUG20,"Will the S&P 500 be above 5424.99 at the end of Aug 20, 2024?",yes,finalized,2024-08-19T20:00:00Z,2024-08-20T20:00:00Z,2024-08-21T01:19:00.996189Z,2
Financials,INXU-24AUG20-T5399.99,KXINXU,INXU-24AUG20,"Will the S&P 500 be above 5399.99 at the end of Aug 20, 2024?",yes,finalized,2024-08-19T20:00:00Z,2024-08-20T20:00:00Z,2024-08-21T01:20:01.226815Z,2
Financials,INXU-24AUG20-T5374.99,KXINXU,INXU-24AUG20,"Will the S&P 500 be above 5374.99 at the end of Aug 20, 2024?",yes,finalized,2024-08-19T20:00:00Z,2024-08-20T20:00:00Z,2024-08-21T01:19:00.41205Z,2
Financials,INXU-24AUG20-T5349.99,KXINXU,INXU-24AUG20,"Will the S&P 500 be above 5349.99 at the end of Aug 20, 2024?",yes,finalized,2024-08-19T20:00:00Z,2024-08-20T20:00:00Z,2024-08-21T01:19:00.406187Z,2
Financials,INXU-24AUG20-T5324.99,KXINXU,INXU-24AUG20,"Will the S&P 500 be above 5324.99 at the end of Aug 20, 2024?",yes,finalized,2024-08-19T20:00:00Z,2024-08-20T20:00:00Z,2024-08-21T01:19:00.386248Z,2
Financials,INXU-24AUG20-T5299.99,KXINXU,INXU-24AUG20,"Will the S&P 500 be above 5299.99 at the end of Aug 20, 2024?",yes,finalized,2024-08-19T20:00:00Z,2024-08-20T20:00:00Z,2024-08-21T01:19:00.376922Z,2
Financials,INXU-24AUG20-T5274.99,KXINXU,INXU-24AUG20,"Will the S&P 500 be above 5274.99 at the end of Aug 20, 2024?",yes,finalized,2024-08-19T20:00:00Z,2024-08-20T20:00:00Z,2024-08-21T01:19:00.366704Z,2
Financials,INXU-24AUG20-T5249.99,KXINXU,INXU-24AUG20,"Will the S&P 500 be above 5249.99 at the end of Aug 20, 2024?",yes,finalized,2024-08-19T20:00:00Z,2024-08-20T20:00:00Z,2024-08-21T01:19:01.556771Z,2
Financials,INXU-24AUG20-T5224.99,KXINXU,INXU-24AUG20,"Will the S&P 500 be above 5224.99 at the end of Aug 20, 2024?",yes,finalized,2024-08-19T20:00:00Z,2024-08-20T20:00:00Z,2024-08-21T01:19:00.346837Z,2
Financials,INXU-24AUG20-T5199.99,KXINXU,INXU-24AUG20,"Will the S&P 500 be above 5199.99 at the end of Aug 20, 2024?",yes,finalized,2024-08-19T20:00:00Z,2024-08-20T20:00:00Z,2024-08-21T01:20:01.206013Z,2
Financials,INXU-24AUG20-T5174.99,KXINXU,INXU-24AUG20,"Will the S&P 500 be above 5174.99 at the end of Aug 20, 2024?",yes,finalized,2024-08-19T20:00:00Z,2024-08-20T20:00:00Z,2024-08-21T01:19:01.526322Z,2
Financials,INXU-24AUG19-T5554.25,KXINXU,INXU-24AUG19,"Will the S&P 500 be above 5554.25 at the end of Aug 19, 2024?",yes,finalized,2024-08-16T20:45:00Z,2024-08-19T20:00:00Z,2024-08-20T01:42:00.846736Z,35056
Financials,INXU-24AUG19-T5874.99,KXINXU,INXU-24AUG19,"Will the S&P 500 be above 5874.99 at the end of Aug 19, 2024?",no,finalized,2024-08-16T20:00:00Z,2024-08-19T20:00:00Z,2024-08-20T01:42:00.886671Z,2
Financials,INXU-24AUG19-T5849.99,KXINXU,INXU-24AUG19,"Will the S&P 500 be above 5849.99 at the end of Aug 19, 2024?",no,finalized,2024-08-16T20:00:00Z,2024-08-19T20:00:00Z,2024-08-20T01:42:00.756628Z,2
Financials,INXU-24AUG19-T5824.99,KXINXU,INXU-24AUG19,"Will the S&P 500 be above 5824.99 at the end of Aug 19, 2024?",no,finalized,2024-08-16T20:00:00Z,2024-08-19T20:00:00Z,2024-08-20T01:41:01.247157Z,2
Financials,INXU-24AUG19-T5799.99,KXINXU,INXU-24AUG19,"Will the S&P 500 be above 5799.99 at the end of Aug 19, 2024?",no,finalized,2024-08-16T20:00:00Z,2024-08-19T20:00:00Z,2024-08-20T01:41:01.26749Z,2
Financials,INXU-24AUG19-T5774.99,KXINXU,INXU-24AUG19,"Will the S&P 500 be above 5774.99 at the end of Aug 19, 2024?",no,finalized,2024-08-16T20:00:00Z,2024-08-19T20:00:00Z,2024-08-20T01:41:01.347621Z,2
Financials,INXU-24AUG19-T5749.99,KXINXU,INXU-24AUG19,"Will the S&P 500 be above 5749.99 at the end of Aug 19, 2024?",no,finalized,2024-08-16T20:00:00Z,2024-08-19T20:00:00Z,2024-08-20T01:41:00.567327Z,2
Financials,INXU-24AUG19-T5724.99,KXINXU,INXU-24AUG19,"Will the S&P 500 be above 5724.99 at the end of Aug 19, 2024?",no,finalized,2024-08-16T20:00:00Z,2024-08-19T20:00:00Z,2024-08-20T01:41:00.586853Z,2
Financials,INXU-24AUG19-T5699.99,KXINXU,INXU-24AUG19,"Will the S&P 500 be above 5699.99 at the end of Aug 19, 2024?",no,finalized,2024-08-16T20:00:00Z,2024-08-19T20:00:00Z,2024-08-20T01:41:00.606849Z,2
Financials,INXU-24AUG19-T5674.99,KXINXU,INXU-24AUG19,"Will the S&P 500 be above 5674.99 at the end of Aug 19, 2024?",no,finalized,2024-08-16T20:00:00Z,2024-08-19T20:00:00Z,2024-08-20T01:41:00.636772Z,2
Financials,INXU-24AUG19-T5649.99,KXINXU,INXU-24AUG19,"Will the S&P 500 be above 5649.99 at the end of Aug 19, 2024?",no,finalized,2024-08-16T20:00:00Z,2024-08-19T20:00:00Z,2024-08-20T01:41:00.667363Z,2
Financials,INXU-24AUG19-T5624.99,KXINXU,INXU-24AUG19,"Will the S&P 500 be above 5624.99 at the end of Aug 19, 2024?",no,finalized,2024-08-16T20:00:00Z,2024-08-19T20:00:00Z,2024-08-20T01:41:00.687655Z,32
Financials,INXU-24AUG19-T5599.99,KXINXU,INXU-24AUG19,"Will the S&P 500 be above 5599.99 at the end of Aug 19, 2024?",yes,finalized,2024-08-16T20:00:00Z,2024-08-19T20:00:00Z,2024-08-20T01:42:00.787452Z,73406
Financials,INXU-24AUG19-T5574.99,KXINXU,INXU-24AUG19,"Will the S&P 500 be above 5574.99 at the end of Aug 19, 2024?",yes,finalized,2024-08-16T20:00:00Z,2024-08-19T20:00:00Z,2024-08-20T01:41:00.691759Z,127332
Financials,INXU-24AUG19-T5549.99,KXINXU,INXU-24AUG19,"Will the S&P 500 be above 5549.99 at the end of Aug 19, 2024?",yes,finalized,2024-08-16T20:00:00Z,2024-08-19T20:00:00Z,2024-08-20T01:41:00.697172Z,76716
Financials,INXU-24AUG19-T5524.99,KXINXU,INXU-24AUG19,"Will the S&P 500 be above 5524.99 at the end of Aug 19, 2024?",yes,finalized,2024-08-16T20:00:00Z,2024-08-19T20:00:00Z,2024-08-20T01:41:00.717117Z,21260
Financials,INXU-24AUG19-T5499.99,KXINXU,INXU-24AUG19,"Will the S&P 500 be above 5499.99 at the end of Aug 19, 2024?",yes,finalized,2024-08-16T20:00:00Z,2024-08-19T20:00:00Z,2024-08-20T01:41:00.726789Z,5002
Financials,INXU-24AUG19-T5474.99,KXINXU,INXU-24AUG19,"Will the S&P 500 be above 5474.99 at the end of Aug 19, 2024?",yes,finalized,2024-08-16T20:00:00Z,2024-08-19T20:00:00Z,2024-08-20T01:41:00.746807Z,52
Financials,INXU-24AUG19-T5449.99,KXINXU,INXU-24AUG19,"Will the S&P 500 be above 5449.99 at the end of Aug 19, 2024?",yes,finalized,2024-08-16T20:00:00Z,2024-08-19T20:00:00Z,2024-08-20T01:41:00.756845Z,2
Financials,INXU-24AUG19-T5424.99,KXINXU,INXU-24AUG19,"Will the S&P 500 be above 5424.99 at the end of Aug 19, 2024?",yes,finalized,2024-08-16T20:00:00Z,2024-08-19T20:00:00Z,2024-08-20T01:41:00.766912Z,2
Financials,INXU-24AUG19-T5399.99,KXINXU,INXU-24AUG19,"Will the S&P 500 be above 5399.99 at the end of Aug 19, 2024?",yes,finalized,2024-08-16T20:00:00Z,2024-08-19T20:00:00Z,2024-08-20T01:41:00.777212Z,2
