category,market_slug,event_slug,condition_id,title,resolution,status,open_time,close_time,settlement_ts,volume,keywords
Politics,will-donald-trump-win-the-2024-us-presidential-election,presidential-election-winner-2024,0xdd22472e552920b8438158ea7238bfadfa4f736aa4cee91a6b86c39ead110917,Will Donald Trump win the 2024 US Presidential Election?,Yes,closed,2024-01-04T22:58:00Z,2024-11-05T12:00:00Z,2024-11-06T15:17:41Z,1531479284.504353,trump; biden; congress; senate; policy; legislation; debate; rally; administration; political
Politics,will-kamala-harris-win-the-2024-us-presidential-election,presidential-election-winner-2024,0xc6485bb7ea46d7bb89beb9c91e7572ecfc72a6273789496f78bc5e989e4d1638,Will Kamala Harris win the 2024 US Presidential Election?,No,closed,2024-01-04T23:02:00Z,2024-11-04T12:00:00Z,2024-11-06T18:03:54Z,1037039118.18879,trump; biden; congress; senate; policy; legislation; debate; rally; administration; political
Politics,will-any-other-republican-politician-win-the-2024-us-presidential-election,presidential-election-winner-2024,0x55c551896c10a74861f2fd88b4f928694310114704cc74b29b9760d1156cade6,Will any other Republican Politician win the 2024 US Presidential Election?,No,closed,2024-01-06T20:13:00Z,2024-11-05T00:00:00Z,2024-11-06T19:45:36Z,241655099.850067,trump; biden; congress; senate; policy; legislation; debate; rally; administration; political
Politics,will-kamala-harris-win-the-popular-vote-in-the-2024-presidential-election,presidential-election-popular-vote-winner-2024,0x265366ede72d73e137b2b9095a6cdc9be6149290caa295738a95e3d881ad0865,Kamala Harris wins the popular vote?,No,closed,2024-01-09T23:43:00Z,2024-11-05T12:00:00Z,2024-11-12T10:03:19Z,163779786.645492,trump; biden; congress; senate; policy; legislation; debate; rally; administration; political
Politics,will-michelle-obama-win-the-2024-us-presidential-election,presidential-election-winner-2024,0x230144e34a84dfd0ebdc6de7fde37780e28154f6f84dd8880c7f0e58d302d448,Will Michelle Obama win the 2024 US Presidential Election?,No,closed,2024-01-05T22:01:00Z,2024-11-05T00:00:00Z,2024-11-06T19:00:15Z,153382275.618594,trump; biden; congress; senate; policy; legislation; debate; rally; administration; political
Politics,will-robert-f-kennedy-jr-win-the-2024-us-presidential-election,presidential-election-winner-2024,0x7da35195ac3c7bf167f88ab0c27067a99020e36de67d39968b71d9debcdd925e,Will Robert F. Kennedy Jr. win the 2024 US Presidential Election?,No,closed,2024-01-04T23:01:00Z,2024-11-04T12:00:00Z,2024-11-06T18:09:00Z,141605110.748029,trump; biden; congress; senate; policy; legislation; debate; rally; administration; political
Politics,fed-increases-interest-rates-by-25-bps-after-november-2024-meeting,fed-interest-rates-november-2024,0x1fc1e5595adab4d8160b2fe72cfed61131e3d5e61b5c334160d1729d7380ab16,Fed increases interest rates by 25+ bps after November 2024 meeting?,No,closed,2024-08-02T19:36:17.448261Z,2024-11-07T12:00:00Z,2024-11-07T22:44:32Z,133955589.249666,trump; biden; congress; senate; policy; legislation; debate; rally; administration; political
Politics,will-donald-trump-win-the-popular-vote-in-the-2024-presidential-election,presidential-election-popular-vote-winner-2024,0xcd1b6b71a1964f15e2c14809594cbfa0d576270e8ef94c8c24913121097e09e5,Will Donald Trump win the popular vote in the 2024 Presidential Election?,Yes,closed,2024-01-09T23:37:00Z,2024-11-05T12:00:00Z,2024-11-11T22:30:39Z,119932620.818624,trump; biden; congress; senate; policy; legislation; debate; rally; administration; political
Politics,will-any-other-democratic-politician-win-the-2024-us-presidential-election,presidential-election-winner-2024,0xb92f22143e7b48609a82573fa8197dc73683a15acb467b0f51ee63da7e3f520b,Will any other Democratic Politician win the 2024 US Presidential Election?,No,closed,2024-01-06T20:13:00Z,2024-11-05T00:00:00Z,2024-11-06T19:54:53Z,116558196.386525,trump; biden; congress; senate; policy; legislation; debate; rally; administration; political
Politics,will-the-democratic-candidate-win-pennsylvania-by-1pt5-2pt0,pennsylvania-margin-of-victory,0xfc85294228f82de21e18774b133a6db99ddaf4ebe5bf8c4f6c356ae4901d1165,Will the Democratic candidate win Pennsylvania by 1.5%-2.0%?,No,closed,2024-09-17T23:27:20.352Z,2024-11-05T12:00:00Z,2024-12-05T04:16:19Z,109063759.600993,trump; biden; congress; senate; policy; legislation; debate; rally; administration; political
Politics,will-nikki-haley-win-the-2024-us-presidential-election,presidential-election-winner-2024,0xced9f9d90c94db9f1e1dbd7d9fba82fe4fa7431c0d4e91e28896c8ac2d6acadd,Will Nikki Haley win the 2024 US Presidential Election?,No,closed,2024-01-04T22:58:00Z,2024-11-05T00:00:00Z,2024-11-06T18:04:10Z,107529158.083605,trump; biden; congress; senate; policy; legislation; debate; rally; administration; political
Politics,will-hillary-clinton-win-the-2024-us-presidential-election,presidential-election-winner-2024,0x63634b4e14297a748923f86dca4fa0c6c659db0f5fadeeb8e419e48e20759c34,Will Hillary Clinton win the 2024 US Presidential Election?,No,closed,2024-01-05T22:01:00Z,2024-11-05T00:00:00Z,2024-11-06T19:45:30Z,93307167.686999,trump; biden; congress; senate; policy; legislation; debate; rally; administration; political
Politics,will-gavin-newsom-be-d-nom-for-vp-on-election-day,democratic-vp-nominee-on-election-day,0x90f5098954615b11f095156ac37913a70f8c7cf2978ab6b61d8d789bab1cf2d9,Will Gavin Newsom be D-nom for VP on Election Day?,No,closed,2024-08-18T23:39:16.722Z,2024-11-04T12:00:00Z,2024-11-05T14:09:03Z,92886849.31616,trump; biden; congress; senate; policy; legislation; debate; rally; administration; political
Politics,will-trump-launch-a-coin-before-the-election,will-trump-launch-a-coin-before-the-election,0x70de1b06646805d289744df352ed58b5612fafb3d0322e483243c32cb110f8a7,Will Trump launch a coin before the election?,Yes,closed,2024-06-18T19:41:14.579Z,2024-11-04T12:00:00Z,2024-10-18T00:22:28Z,76899060.598799,trump; biden; congress; senate; policy; legislation; debate; rally; administration; political
Politics,will-joe-biden-win-the-2024-us-presidential-election,presidential-election-winner-2024,0x14018049e265a2d88f284be9588e2e3542e3a3df08ccdb344d28355dd7fdd8ef,Will Joe Biden win the 2024 US Presidential Election?,No,closed,2024-01-04T22:58:00Z,2024-11-05T12:00:00Z,2024-11-06T19:31:03Z,72176112.338298,trump; biden; congress; senate; policy; legislation; debate; rally; administration; political
Politics,will-hillary-clinton-win-the-popular-vote-in-the-2024-presidential-election,presidential-election-popular-vote-winner-2024,0xf3a7a2365b6ec113117184bb2d1b020577355a1028fde0b32671c4cfbbbbd589,Will Hillary Clinton win the popular vote in the 2024 Presidential Election?,No,closed,2024-01-09T23:46:00Z,2024-11-05T00:00:00Z,2024-11-12T07:59:27Z,70237132.505143,trump; biden; congress; senate; policy; legislation; debate; rally; administration; political
Politics,will-joe-biden-win-the-2024-democratic-presidential-nomination,democratic-nominee-2024,0x653483009043f1663360bc35ed8fb542d3f9453916082d20ff025adaa2fe7032,Will Joe Biden win the 2024 Democratic Presidential Nomination?,No,closed,2024-01-13T01:31:00Z,2024-08-18T12:00:00Z,2024-08-06T12:11:54Z,57519438.444639,trump; biden; congress; senate; policy; legislation; debate; rally; administration; political
Politics,will-kamala-harris-win-the-2024-democratic-presidential-nomination,democratic-nominee-2024,0x9e9071636d176562592a98dfede865385ba0cff7864cfa01f0479ca6e9e26e1b,Will Kamala Harris win the 2024 Democratic Presidential Nomination?,Yes,closed,2024-01-13T01:32:00Z,2024-08-19T00:00:00Z,2024-08-06T07:29:04Z,54563172.651864,trump; biden; congress; senate; policy; legislation; debate; rally; administration; political
Politics,will-gavin-newsom-win-the-2024-us-presidential-election,presidential-election-winner-2024,0x40bbdd26dc08406eedcb913efee7f7faddf50e16fc21caedb4972d57fd71e0d1,Will Gavin Newsom win the 2024 US Presidential Election?,No,closed,2024-01-04T23:00:00Z,2024-11-05T00:00:00Z,2024-11-06T18:08:56Z,54161276.228088,trump; biden; congress; senate; policy; legislation; debate; rally; administration; political
Politics,us-government-shutdown-before-2025,us-government-shutdown-before-2025,0x87d67272f0ce1bb0d80ba12a1ab79287b2a235a5f361f5bcbc06ea0ce34e61c5,Will there be a US Government shutdown? ,Yes,closed,2024-09-03T16:16:55.822Z,2024-12-31T12:00:00Z,2024-12-25T00:28:03Z,53500373.740494,trump; biden; congress; senate; policy; legislation; debate; rally; administration; political
Politics,will-new-hampshire-be-the-closest-state,closest-state-in-the-presidential-election,0xd5fca9b9146866df0df3211bb9008d884a2648e3b15ca6ec51d4a5b50084d9d6,Will New Hampshire be the closest state?,No,closed,2024-10-08T21:39:20.739Z,2024-11-05T12:00:00Z,2024-12-11T09:17:30Z,50856971.134739,trump; biden; congress; senate; policy; legislation; debate; rally; administration; political
Politics,will-the-democratic-candidate-win-nevada-by-3pt0-4pt0,nevada-margin-of-victory,0x63b1697d66131bce1b4d406599548bb6007671197a1596b6403335f2592a61f1,Will the Democratic candidate win Nevada by 3.0%-4.0%? ,No,closed,2024-10-08T16:21:52.242247Z,2024-11-05T12:00:00Z,2024-11-27T08:27:48Z,47843276.232386,trump; biden; congress; senate; policy; legislation; debate; rally; administration; political
Politics,will-rfk-jr-win-the-popular-vote-in-the-2024-presidential-election,presidential-election-popular-vote-winner-2024,0xf488aacaba74914fe181c68d8b6195e13c4ec8b6c1b215c299d297666297200e,Will RFK Jr. win the popular vote in the 2024 Presidential Election?,No,closed,2024-01-09T23:40:00Z,2024-11-05T00:00:00Z,2024-11-12T09:52:55Z,47770370.83836,trump; biden; congress; senate; policy; legislation; debate; rally; administration; political
Politics,will-michelle-obama-win-the-2024-democratic-presidential-nomination,democratic-nominee-2024,0x2d606a51f902a4d934a4b810dd77cb28bb8e40268f42354057b5a47f9799efad,Will Michelle Obama win the 2024 Democratic Presidential Nomination?,No,closed,2024-01-13T01:33:00Z,2024-08-19T00:00:00Z,2024-08-06T07:19:08Z,47510450.440678,trump; biden; congress; senate; policy; legislation; debate; rally; administration; political
Politics,will-ron-desantis-win-the-2024-us-presidential-election,presidential-election-winner-2024,0xad6d309aaa500d96855996e84da00dfb2379548a693ca684d0877cf94fec05d1,Will Ron DeSantis win the 2024 US Presidential Election?,No,closed,2024-01-04T23:02:00Z,2024-11-05T12:00:00Z,2024-11-06T19:31:05Z,46309049.202369,trump; biden; congress; senate; policy; legislation; debate; rally; administration; political
Politics,israel-x-hezbollah-ceasefire-in-2024,israel-x-hezbollah-ceasefire-in-2024,0x54a1d0da9b18ac0dd1b1ae10fad2eb782427733e4ad2f14f190b979bbb5c7d65,Israel x Hezbollah Ceasefire in 2024?,Yes,closed,2024-09-24T16:05:29.387Z,2024-12-31T12:00:00Z,2024-12-05T00:31:32Z,40061277.633281,trump; biden; congress; senate; policy; legislation; debate; rally; administration; political
Politics,will-ron-desantis-win-the-popular-vote-in-the-2024-presidential-election,presidential-election-popular-vote-winner-2024,0x037c9d29c04a2f6a5373ae7db7779cb40a751ca372de1e55999397a8f571c67e,Will Ron DeSantis win the popular vote in the 2024 Presidential Election?,No,closed,2024-01-09T23:44:00Z,2024-11-05T00:00:00Z,2024-11-12T09:03:05Z,39315353.333832,trump; biden; congress; senate; policy; legislation; debate; rally; administration; political
Politics,will-gavin-newsom-win-the-2024-democratic-presidential-nomination,democratic-nominee-2024,0xd6f4c41fd20b8c6d5b48d528ead981d8fdf3da99d05018443e2d5bc60085e3dd,Will Gavin Newsom win the 2024 Democratic Presidential Nomination?,No,closed,2024-01-13T01:32:00Z,2024-08-19T00:00:00Z,2024-08-06T10:34:28Z,37514692.524769,trump; biden; congress; senate; policy; legislation; debate; rally; administration; political
Politics,will-the-democratic-candidate-win-wisconsin-by-3-4pt0,wisconsin-margin-of-victory,0xec759fdefb182af4237d9e42a7c715be7a4213afacb484ddc066290a0f84221f,Will the Democratic candidate win Wisconsin by 3%-4.0%? ,No,closed,2024-10-08T16:13:31.23692Z,2024-11-05T12:00:00Z,2024-11-30T00:17:43Z,37386911.778964,trump; biden; congress; senate; policy; legislation; debate; rally; administration; political
Politics,will-michelle-obama-win-the-popular-vote-in-the-2024-presidential-election,presidential-election-popular-vote-winner-2024,0x215625b9e962f3f499f832c77dd4caa400bd8435369b5fd65e8673c8b2c4da66,Will Michelle Obama win the popular vote in the 2024 Presidential Election?,No,closed,2024-01-09T23:46:00Z,2024-11-05T00:00:00Z,2024-11-12T09:03:01Z,36970806.278363,trump; biden; congress; senate; policy; legislation; debate; rally; administration; political
Politics,will-any-other-democrat-politician-win-the-popular-vote-in-the-2024-presidential-election,presidential-election-popular-vote-winner-2024,0x198d833c085ed0c858165192e9fd446c5392dbcdedd1132d89c578c0b5c29b2f,Will any other Democrat Politician win the popular vote in the 2024 Presidential Election?,No,closed,2024-01-09T23:51:00Z,2024-11-05T00:00:00Z,2024-11-12T08:18:43Z,36496306.548087,trump; biden; congress; senate; policy; legislation; debate; rally; administration; political
Politics,will-michelle-obama-be-d-nom-for-vp-on-election-day,democratic-vp-nominee-on-election-day,0x52a9a4b7a35c757a59ad12148cfb59c2eb31b95a52067fc6ee30e31c65469195,Will Michelle Obama be D-nom for VP on Election Day?,No,closed,2024-08-09T19:36:32.920875Z,2024-11-04T12:00:00Z,2024-11-05T12:41:08Z,36277175.060258,trump; biden; congress; senate; policy; legislation; debate; rally; administration; political
Politics,will-hillary-clinton-win-the-2024-democratic-presidential-nomination,democratic-nominee-2024,0xea236b37f6ba053c48240dafea9b4b745ce43aebd44d8911df35302d1ac951a3,Will Hillary Clinton win the 2024 Democratic Presidential Nomination?,No,closed,2024-01-13T01:33:00Z,2024-08-19T00:00:00Z,2024-08-06T12:01:30Z,35289981.75504,trump; biden; congress; senate; policy; legislation; debate; rally; administration; political
Politics,will-any-other-republican-politician-win-the-popular-vote-in-the-2024-presidential-election,presidential-election-popular-vote-winner-2024,0x34b8fa269775d034f3d98b6848e0a7c5212efcaa0c98e6f8fb54c5d6f72b3705,Will any other Republican Politician win the popular vote in the 2024 Presidential Election?,No,closed,2024-01-09T23:51:00Z,2024-11-04T12:00:00Z,2024-11-12T08:13:51Z,35232789.166403,trump; biden; congress; senate; policy; legislation; debate; rally; administration; political
Politics,will-the-democratic-candidate-win-pennsylvania-by-0pt5-1,pennsylvania-margin-of-victory,0x13137815713e2549030a2cd576f14c4e0442a7794782bc0ecd392b2090edfc1c,Will the Democratic candidate win Pennsylvania by 0.5%-1%?,No,closed,2024-09-17T23:25:46.276Z,2024-11-05T12:00:00Z,2024-12-05T04:01:18Z,33119218.154897,trump; biden; congress; senate; policy; legislation; debate; rally; administration; political
Politics,will-nevada-be-the-closest-state,closest-state-in-the-presidential-election,0x9a8337f8f916283c359fd01452ed5d5e1e5e64f5287191b4f134f25fdc8e849a,Will Nevada be the closest state?,No,closed,2024-10-08T21:36:48.116Z,2024-11-05T12:00:00Z,2024-11-29T09:10:53Z,30180182.963199,trump; biden; congress; senate; policy; legislation; debate; rally; administration; political
Politics,will-robert-f-kennedy-jr-win-the-2024-democratic-presidential-nomination,democratic-nominee-2024,0xd28eff5dc23bc2520042f8722add1afc39cdc9ea00650262e75a5d3bafeed06b,Will Robert F. Kennedy Jr. win the 2024 Democratic Presidential Nomination?,No,closed,2024-01-13T01:32:00Z,2024-08-19T00:00:00Z,2024-08-06T11:56:02Z,28528853.89392,trump; biden; congress; senate; policy; legislation; debate; rally; administration; political
Politics,will-someone-else-win-the-2024-democratic-presidential-nomination,democratic-nominee-2024,0x3faf3dbf90050968deafdc980118910ebe8d2410a573bc265ba81fc4658c793b,Will someone else win the 2024 Democratic Presidential Nomination?,No,closed,2024-01-13T01:34:00Z,2024-08-18T12:00:00Z,2024-08-06T12:06:48Z,28123133.590498,trump; biden; congress; senate; policy; legislation; debate; rally; administration; political
Politics,israel-military-action-against-iraq-before-november,israel-military-action-against-iraq-before-november,0x825979da04e73c1f0df28132de975b19a53b54faf7e672e822aa10c9031c1201,Israel military action against Iraq before November?,Yes,closed,2024-10-15T00:08:29.488Z,2024-10-31T12:00:00Z,2024-10-30T00:25:09Z,27780153.857752,trump; biden; congress; senate; policy; legislation; debate; rally; administration; political
Politics,2024-balance-of-power-other,balance-of-power-2024-election,0x4302790173d1f5b438ac937d1fd64360f8a134589f3d490626f7c1f67b2b3611,2024 Balance of Power: Other,No,closed,2024-04-24T19:25:04.621Z,2024-11-05T12:00:00Z,2024-11-14T06:59:54Z,24501103.382891,trump; biden; congress; senate; policy; legislation; debate; rally; administration; political
Politics,no-change-in-fed-interest-rates-after-2024-september-meeting,fed-interest-rates-september-2024,0xb20072387cd12bc73f3a6fd30fdd5aa1644c8f72f958803d90fc05c51db0ac49,No change in Fed interest rates after 2024 September meeting?,No,closed,2024-08-02T20:44:13.006Z,2024-09-18T12:00:00Z,2024-09-18T21:14:22Z,23499210.730061,trump; biden; congress; senate; policy; legislation; debate; rally; administration; political
Politics,will-dean-phillips-win-the-2024-democratic-presidential-nomination,democratic-nominee-2024,0x9b277b355e9fff465381229667e064abb97ee74934af5e1a2278293f41e69708,Will Dean Phillips win the 2024 Democratic Presidential Nomination?,No,closed,2024-01-13T01:35:00Z,2024-08-19T00:00:00Z,2024-08-06T11:24:56Z,22226397.943736,trump; biden; congress; senate; policy; legislation; debate; rally; administration; political
Politics,will-aoc-win-the-2024-us-presidential-election,presidential-election-winner-2024,0xd1cce1f51effdf3957144fdc87b5e8aace1d1f7ab21976a046b71744ecad8443,Will AOC win the 2024 US Presidential Election?,No,closed,2024-01-06T20:12:00Z,2024-11-05T12:00:00Z,2024-11-06T20:09:45Z,22011560.654836,trump; biden; congress; senate; policy; legislation; debate; rally; administration; political
Politics,will-nikki-haley-win-the-popular-vote-in-the-2024-presidential-election,presidential-election-popular-vote-winner-2024,0x0c12d7b5322f432a0c4ac8806b476c7483c4d44061ca1188b6f749ec9db34996,Will Nikki Haley win the popular vote in the 2024 Presidential Election?,No,closed,2024-01-09T23:39:00Z,2024-11-05T00:00:00Z,2024-11-12T09:47:57Z,21923974.494067,trump; biden; congress; senate; policy; legislation; debate; rally; administration; political
Politics,will-vivek-ramaswamy-win-the-2024-us-presidential-election,presidential-election-winner-2024,0x696baf880832d000a37ea87cc94235b1ac58e7e9fe7a144ccf5d141877629134,Will Vivek Ramaswamy win the 2024 US Presidential Election?,No,closed,2024-01-04T23:02:00Z,2024-11-05T00:00:00Z,2024-11-06T19:30:56Z,21181731.472915,trump; biden; congress; senate; policy; legislation; debate; rally; administration; political
Politics,will-biden-drop-out-of-presidential-race,will-biden-drop-out-of-presidential-race,0x3ac961dca3c4f0fc34bf94c661962012ab5e8bcdcadfc99affa06eddde00b29f,Biden drops out of presidential race?,Yes,closed,2023-09-21T16:18:35.358Z,2024-11-04T12:00:00Z,2024-07-21T20:20:56Z,21122389.820576,trump; biden; congress; senate; policy; legislation; debate; rally; administration; political
Politics,will-another-candidate-win-the-2024-so-paulo-mayoral-election,so-paulo-mayoral-election-2024,0xa334392ed0a06006c57dbf787ee9eaf69d52535ee8b8d8786ca271592a7f46d9,Will another candidate win the 2024 São Paulo mayoral election?,No,closed,2024-08-29T20:40:46.820792Z,2024-10-06T12:00:00Z,2024-10-28T01:21:05Z,21001687.12647,trump; biden; congress; senate; policy; legislation; debate; rally; administration; political
Politics,democrats-and-republicans-both-lose-the-2024-presidential-election,electoral-college-margin-of-victory-in-the-2024-presidential-election,0x547171b466f04230c9a6bfd13a71fb24de3442e10ce5cea95232d970f36fd5bf,Democrats and Republicans both lose the 2024 Presidential Election?,No,closed,2024-01-12T00:43:00Z,2024-11-05T00:00:00Z,2024-11-07T08:41:51Z,20963826.152231,trump; biden; congress; senate; policy; legislation; debate; rally; administration; political
Politics,fed-rate-cut-by-september-18,fed-rate-cut-by,0xa0811c97f529d627b7774a5b188e605736b745a1f892c39e16c5a022fdb84b8b,Fed rate cut by September 18?,Yes,closed,2024-03-08T18:55:46.214Z,2024-09-18T00:00:00Z,2024-09-18T20:17:10Z,20345317.826273,trump; biden; congress; senate; policy; legislation; debate; rally; administration; political
Politics,will-the-fed-change-rates-to-another-level-after-nov-meeting,fed-interest-rates-november-2024,0x61962c3f51c9c2e4f3885da88b70d3378a822830e42df02a19c7b035737515bc,Will the FED change rates to another level after Nov meeting?,No,closed,2024-09-18T18:10:52.647425Z,2024-11-07T12:00:00Z,2024-11-07T22:54:40Z,19150629.538967,trump; biden; congress; senate; policy; legislation; debate; rally; administration; political
Politics,will-a-democrat-win-the-popular-vote-and-a-republican-win-the-presidency,which-party-wins-presidency-popular-vote,0xc53c00d3ed7df96cb528e049ca2d8a6056b620a82bfffd3ad58d35c5f92c02d6,Will a Democrat win the popular vote and a Republican win the Presidency?,No,closed,2024-05-15T15:30:36.233Z,2024-11-05T12:00:00Z,2024-11-07T00:39:51Z,18758441.931819,trump; biden; congress; senate; policy; legislation; debate; rally; administration; political
Politics,will-a-republican-win-the-popular-vote-and-a-democrat-win-the-presidency,which-party-wins-presidency-popular-vote,0x136e99098f7d4087b4c5775d9f9a512de67e50bda37e88fa86b05a226c390182,Will a Republican win the popular vote and a Democrat win the Presidency?,No,closed,2024-05-15T16:58:11.826Z,2024-11-05T12:00:00Z,2024-11-07T01:33:34Z,17751068.899255,trump; biden; congress; senate; policy; legislation; debate; rally; administration; political
Politics,fed-increases-interest-rates-by-25-bps-after-september-2024-meeting,fed-interest-rates-september-2024,0x0a533c938200a10df86423dfbe621a2f36bfd4abc457615cf4992ed721c566bf,Fed increases interest rates by 25+ bps after September 2024 meeting?,No,closed,2024-08-02T20:44:18.626Z,2024-09-18T12:00:00Z,2024-09-18T21:25:00Z,17625581.465252,trump; biden; congress; senate; policy; legislation; debate; rally; administration; political
Politics,will-the-republican-candidate-win-iowa-by-9pt0-10pt0,iowa-margin-of-victory,0x3b31077b28d3b1173b625165d647cd5d1ce3fb123d1eecd7fd81d54f2722058b,Will the Republican candidate win Iowa by 9.0-10.0%? ,No,closed,2024-11-03T01:31:20.972951Z,2024-11-05T12:00:00Z,2024-12-02T23:14:44Z,17135203.886696,trump; biden; congress; senate; policy; legislation; debate; rally; administration; political
Politics,will-israel-invade-syria-in-2024,will-israel-invade-syria-in-2024,0x7949174f6cb3b0781fbd1a63a51fb7d2e72ac2d7cff1628f2c62477b64734bff,Will Israel invade Syria in 2024?,Yes,closed,2024-09-13T15:43:58.948Z,2024-12-31T12:00:00Z,2024-12-21T00:31:57Z,16819559.7366551,trump; biden; congress; senate; policy; legislation; debate; rally; administration; political
Politics,will-a-3rd-party-candidate-win-the-popular-vote-or-the-presidency,which-party-wins-presidency-popular-vote,0xab0132a0b89e43d95c2643ac835877c757849e9a64ebac3c9f0c4696db41a288,Will a 3rd party candidate win the popular vote or the Presidency?,No,closed,2024-05-15T15:30:36.649Z,2024-11-05T12:00:00Z,2024-11-07T00:39:47Z,16641464.207499,trump; biden; congress; senate; policy; legislation; debate; rally; administration; political
Politics,will-elizabeth-warren-win-the-2024-democratic-presidential-nomination,democratic-nominee-2024,0xe721d257bb72949a6c61a77847b7880519a6164a8211e815da15eccd750c4626,Will Elizabeth Warren win the 2024 Democratic Presidential Nomination?,No,closed,2024-01-13T01:34:00Z,2024-08-19T00:00:00Z,2024-08-06T12:01:24Z,16590051.97809,trump; biden; congress; senate; policy; legislation; debate; rally; administration; political
Politics,will-josh-shapiro-be-the-2024-democratic-vp-nominee,democratic-vp-nominee,0xe64f063b9e2b02f8ac679ebacfb938088c1ddde2a953a1ebfd4a92b802910371,Will Josh Shapiro be the 2024 Democratic VP nominee?,No,closed,,2024-08-22T12:00:00Z,2024-08-06T23:21:48Z,16505096.89462,trump; biden; congress; senate; policy; legislation; debate; rally; administration; political
Politics,trump-wins-every-swing-state,trump-wins-every-swing-state,0xcf263497b4bd594b3eaf650de77df2483c3443a929e815a4bb8ce2b8cce50de1,Trump wins every swing state?,Yes,closed,2024-07-22T17:23:42.576Z,2024-11-05T12:00:00Z,2024-11-10T06:31:53Z,16221133.479478,trump; biden; congress; senate; policy; legislation; debate; rally; administration; political
Politics,will-the-democratic-candidate-win-pennsylvania-by-1pt0-1pt5,pennsylvania-margin-of-victory,0xcbf51fc68dba66dd5715fd69c9cf5abea1fd8634c8df380bf79eecf0a89d3e09,Will the Democratic candidate win Pennsylvania by 1.0%-1.5%?,No,closed,2024-09-17T23:26:22.224Z,2024-11-05T12:00:00Z,2024-12-05T04:06:23Z,16035015.066406,trump; biden; congress; senate; policy; legislation; debate; rally; administration; political
Politics,will-kamala-harris-be-d-nom-for-vp-on-election-day,democratic-vp-nominee-on-election-day,0x2d705e1f43d6460d03dd62f0161c21d685332b419e075a7b7e1b6ab95e9543e1,Will Kamala Harris be D-nom for VP on Election Day?,No,closed,2024-08-18T23:39:14.542Z,2024-11-04T12:00:00Z,2024-11-05T14:24:05Z,15875426.270427,trump; biden; congress; senate; policy; legislation; debate; rally; administration; political
Politics,kamala-swap-at-dnc,kamala-swap-at-dnc,0x4aa64e62f39f54545369c372da7de8bfc6b2e178b5c0f121a0177a225eca9eeb,Kamala Harris replaced as nominee at DNC?,No,closed,2024-08-08T16:38:18.386Z,2024-08-22T12:00:00Z,2024-08-23T05:48:18Z,15865808.651939,trump; biden; congress; senate; policy; legislation; debate; rally; administration; political
Politics,will-the-republican-candidate-win-iowa-by-3pt0-4pt0,iowa-margin-of-victory,0xc38d749d7d1b64e8c720cf6440f095773069b8243e7a347f651782c2ec566ea5,Will the Republican candidate win Iowa by 3.0-4.0%? ,No,closed,2024-11-03T01:34:29.588194Z,2024-11-05T12:00:00Z,2024-12-02T23:29:28Z,15358928.308862,trump; biden; congress; senate; policy; legislation; debate; rally; administration; political
Politics,will-a-republican-win-the-popular-vote-and-the-presidency,which-party-wins-presidency-popular-vote,0x2010ff3939e8e664dd57369aa907bbaa6d03ae18be27fe3ab2f4cdcb95a8b2ab,Will a Republican win the popular vote and the Presidency? ,Yes,closed,2024-05-14T16:02:14.999Z,2024-11-05T12:00:00Z,2024-11-07T00:49:10Z,15286458.166973,trump; biden; congress; senate; policy; legislation; debate; rally; administration; political
Politics,fed-decreases-interest-rates-by-75-bps-after-november-2024-meeting,fed-interest-rates-november-2024,0x20e2d5f8c92270e87a3f60672a67c649e781f9c2ab8b30055ce4e2fb48c458dd,Fed decreases interest rates by 75+ bps after November 2024 meeting?,No,closed,2024-08-02T19:28:58.198711Z,2024-11-07T12:00:00Z,2024-11-07T22:49:58Z,15031954.754479,trump; biden; congress; senate; policy; legislation; debate; rally; administration; political
Politics,will-marina-helena-win-the-2024-so-paulo-mayoral-election,so-paulo-mayoral-election-2024,0xe80c03604e9055bfa5ed975f54f0e49b2846048a15e65541a066a8cdc984f139,Will Marina Helena win the 2024 São Paulo mayoral election?,No,closed,2024-08-29T20:30:32.61418Z,2024-10-06T12:00:00Z,2024-10-07T06:24:24Z,14849907.389069,trump; biden; congress; senate; policy; legislation; debate; rally; administration; political
Politics,will-a-democrat-win-the-popular-vote-and-the-presidency,which-party-wins-presidency-popular-vote,0xafde9e890a2db339b6515cd75c2d09574dcaf731b483a1ef6ea0a3abc5ec8abd,Will a Democrat win the popular vote and the Presidency? ,No,closed,2024-05-14T15:49:07.689964Z,2024-11-05T12:00:00Z,2024-11-07T01:23:52Z,14756382.198283,trump; biden; congress; senate; policy; legislation; debate; rally; administration; political
Politics,will-elizabeth-warren-win-the-2024-us-presidential-election,presidential-election-winner-2024,0x3120827dc12167d09fd9f08233e2b540054a2ed90aad65c023bc1da9d38b29d9,Will Elizabeth Warren win the 2024 US Presidential Election?,No,closed,2024-01-06T20:12:00Z,2024-11-05T00:00:00Z,2024-11-06T20:24:59Z,14714813.728,trump; biden; congress; senate; policy; legislation; debate; rally; administration; political
Politics,will-chris-christie-win-the-2024-us-presidential-election,presidential-election-winner-2024,0xf6106065ec5d5dae7eca350be64e5246ae331b35937ea55b64152f65fbc0b37f,Will Chris Christie win the 2024 US Presidential Election?,No,closed,2024-01-06T20:12:00Z,2024-11-05T00:00:00Z,2024-11-06T20:40:10Z,14192736.345,trump; biden; congress; senate; policy; legislation; debate; rally; administration; political
Politics,will-israel-invade-lebanon-in-september,will-israel-invade-lebanon-in-september,0xab66a7d5745fc4da8a30a67665ee1de894b740644e643a6c6ec39b17212e4df5,Will Israel invade Lebanon in September?,No,closed,2024-09-18T17:55:35.38Z,2024-09-30T12:00:00Z,2024-10-08T00:25:08Z,13817736.165943,trump; biden; congress; senate; policy; legislation; debate; rally; administration; political
Politics,fed-decreases-interest-rates-by-75-bps-after-december-2024-meeting,fed-interest-rates-december-2024,0xde507497bdd5d63090dfd8e6e29167216c66576bf8d029d87c99bef4e357c696,Fed decreases interest rates by 75+ bps after December 2024 meeting?,No,closed,2024-08-06T16:06:01.725999Z,2024-12-18T12:00:00Z,2024-12-18T22:24:42Z,13304399.0156328,trump; biden; congress; senate; policy; legislation; debate; rally; administration; political
Politics,will-a-candidate-from-another-party-win-ohio-us-senate-election,ohio-us-senate-election-winner,0xa6e7131f295407c7f56304d6a368a3b98ec280e162bfb38537da392305b202cb,Will a candidate from another party win Ohio US Senate Election?,No,closed,2024-04-03T21:47:54.207Z,2024-11-05T12:00:00Z,2024-11-07T06:26:32Z,13006615.346782,trump; biden; congress; senate; policy; legislation; debate; rally; administration; political
Politics,will-a-democrat-win-pennsylvania-presidential-election,pennsylvania-presidential-election-winner,0x02bc0bbff054877a08cdc4f9ccf4e7606804bc05c27f5faccf26c6e1666a5558,Will a Democrat win Pennsylvania Presidential Election?,No,closed,2024-03-07T02:47:00Z,2024-11-05T12:00:00Z,2024-11-07T12:53:28Z,12960333.136703,trump; biden; congress; senate; policy; legislation; debate; rally; administration; political
Politics,will-tim-walz-be-the-2024-democratic-vp-nominee,democratic-vp-nominee,0x57f90c89879a5b5e69fad9c2a261fa6f44f3653001aa3a02446aed92aaff21bf,Will Tim Walz be the 2024 Democratic VP nominee?,Yes,closed,2024-07-03T18:11:10.962Z,2024-08-22T12:00:00Z,2024-08-06T18:17:24Z,12902914.060547,trump; biden; congress; senate; policy; legislation; debate; rally; administration; political
Politics,will-mark-kelly-be-the-2024-democratic-vp-nominee,democratic-vp-nominee,0xd83c13f14529750b296d6d2b327cbcadd34c2c3e673f4242c1be94d462a36617,Will Mark Kelly be the 2024 Democratic VP nominee?,No,closed,,2024-08-22T12:00:00Z,2024-08-06T23:16:36Z,12826516.149532,trump; biden; congress; senate; policy; legislation; debate; rally; administration; political
Politics,will-joe-biden-win-the-popular-vote-in-the-2024-presidential-election,presidential-election-popular-vote-winner-2024,0xb26fd99a7b7bae4e13c9bb3becf65353708a805f9c1aea74484d107e6ba512cd,Biden wins the Popular Vote?,No,closed,2024-01-09T23:38:00Z,2024-11-04T12:00:00Z,2024-11-12T08:37:48Z,12582924.999919,trump; biden; congress; senate; policy; legislation; debate; rally; administration; political
Politics,will-maine-be-the-tipping-point-state,us-election-tipping-point-state,0x9216286e80bbcd2c6fbb7a976666a945c87f7072733fcb0d1ffcb5a25655a81b,Will Maine be the tipping point state?,No,closed,2024-07-16T18:06:01.303Z,2024-11-05T12:00:00Z,2024-12-18T02:17:50Z,12544524.2995,trump; biden; congress; senate; policy; legislation; debate; rally; administration; political
Politics,will-the-democratic-candidate-win-pennsylvania-by-0-0pt5,pennsylvania-margin-of-victory,0x642fcb3aa23395cc587a7825a37694867f440cd71976849589041e2361fb5c86,Will the Democratic candidate win Pennsylvania by 0%-0.5%?,No,closed,2024-09-17T23:25:26.361Z,2024-11-05T12:00:00Z,2024-12-05T04:06:33Z,12530511.484186,trump; biden; congress; senate; policy; legislation; debate; rally; administration; political
Politics,will-a-republican-win-pennsylvania-presidential-election,pennsylvania-presidential-election-winner,0xa923afcb8297e3ade170f2f8c088f3c277557fadef2c67054d72cc59f8504b2b,Will a Republican win Pennsylvania Presidential Election?,Yes,closed,2024-03-07T02:47:00Z,2024-11-05T12:00:00Z,2024-11-06T20:29:57Z,12519682.451836,trump; biden; congress; senate; policy; legislation; debate; rally; administration; political
Politics,will-biden-resign-by-july-31,will-biden-resign-by-july-31,0x74f97b1c6caf682f5ef9ccd325b3344959bf8fd38fe565e5398ecfebb827b4c0,Will Biden announce resignation by July 31?,No,closed,2024-06-28T20:30:50.998Z,2024-07-31T12:00:00Z,2024-08-01T06:08:40Z,11663215.117532,trump; biden; congress; senate; policy; legislation; debate; rally; administration; political
Politics,will-andy-beshear-be-the-2024-democratic-vp-nominee,democratic-vp-nominee,0x1b60fead57018405d3555612030acdf7f46a35955bdc697445708be31188cd71,Will Andy Beshear be the 2024 Democratic VP nominee?,No,closed,2024-07-03T18:11:04.351Z,2024-08-22T12:00:00Z,2024-08-06T23:22:10Z,11499090.465783,trump; biden; congress; senate; policy; legislation; debate; rally; administration; political
Politics,will-mark-kelly-be-d-nom-for-vp-on-election-day,democratic-vp-nominee-on-election-day,0xd3075114225f4516ac3443314200c9324cc3c8ff16587ca6a01aa7876c8391a1,Will Mark Kelly be D-nom for VP on Election Day?,No,closed,2024-08-09T20:17:35.87496Z,2024-11-04T12:00:00Z,2024-11-05T14:18:57Z,11192303.07877,trump; biden; congress; senate; policy; legislation; debate; rally; administration; political
Politics,will-the-fed-change-rates-to-another-level-after-december-meeting,fed-interest-rates-december-2024,0x3a5d8047acd8aa377956e65bd40bfafd47ff6d528559b22530fb3822bc1afbbe,Will the FED change rates to another level after December meeting?,No,closed,2024-09-18T18:22:55.051895Z,2024-12-18T12:00:00Z,2024-12-18T22:29:58Z,11155452.805379,trump; biden; congress; senate; policy; legislation; debate; rally; administration; political
Politics,2024-balance-of-power-r-prez-r-senate-r-house,balance-of-power-2024-election,0x96f6fb6567b5938fc3c2e75f9829d7287340b9581a9c4817b8bc0aff82e1c45f,2024 Balance of Power: R Prez R Senate R House,Yes,closed,2024-04-24T19:25:04.24Z,2024-11-05T12:00:00Z,2024-11-14T06:59:46Z,11132803.610888,trump; biden; congress; senate; policy; legislation; debate; rally; administration; political
Politics,biden-resigns-from-presidency-before-election,biden-resigns-from-presidency-before-election,0x40e783a12a83c36df40550c3f5a2433ba55a9cd312c31d808cc0c2c3ea747b1d,Will Biden resign before the election?,No,closed,2024-07-21T22:14:59.239Z,2024-11-04T12:00:00Z,2024-11-05T07:53:43Z,11004839.289589,trump; biden; congress; senate; policy; legislation; debate; rally; administration; political
Politics,fed-decreases-interest-rates-by-50-bps-after-september-2024-meeting,fed-interest-rates-september-2024,0x6cc501fa617e3a46ececf6e3990fe1afeeaa6bc897d3c7049c005fd1bdc42c2f,Fed decreases interest rates by 50+ bps after September 2024 meeting?,Yes,closed,2024-08-02T20:43:54.565Z,2024-09-18T12:00:00Z,2024-09-18T21:09:08Z,10906333.42219,trump; biden; congress; senate; policy; legislation; debate; rally; administration; political
Politics,will-gretchen-whitmer-be-d-nom-for-vp-on-election-day,democratic-vp-nominee-on-election-day,0xdf6d80630b1a593fd771ad168e2c02dfbda514316ac7a316595aba06980502e2,Will Gretchen Whitmer be D-nom for VP on Election Day?,No,closed,2024-08-18T23:39:16.168Z,2024-11-04T12:00:00Z,2024-11-05T14:19:07Z,10905761.722365,trump; biden; congress; senate; policy; legislation; debate; rally; administration; political
Politics,israeli-forces-enters-lebanon-in-september,israeli-forces-enters-lebanon-in-september,0x006ee68a0b2273785450167ca50b8d27f2149946ac513fde4e86765e53e35d52,Israeli forces enters Lebanon in September?,Yes,closed,2024-09-19T16:49:07.497Z,2024-09-30T12:00:00Z,2024-10-04T00:24:46Z,10886668.249385,trump; biden; congress; senate; policy; legislation; debate; rally; administration; political
Politics,will-the-democratic-candidate-win-nevada-by-4pt0-or-more,nevada-margin-of-victory,0x979cbb2e8d07cc08126c046b3a5fefadc73ff770389f46ca89dcd76de1e60ed7,Will the Democratic candidate win Nevada by 4.0% or more?,No,closed,2024-10-08T16:22:17.710632Z,2024-11-05T12:00:00Z,2024-11-27T08:27:30Z,10836422.212859,trump; biden; congress; senate; policy; legislation; debate; rally; administration; political
Politics,will-gina-raimondo-be-d-nom-for-vp-on-election-day,democratic-vp-nominee-on-election-day,0xd01fe5978b6bdd202a82abeabdfd6a32552c15de538a8f17e4ca18af3757f9af,Will Gina Raimondo be D-nom for VP on Election Day?,No,closed,2024-08-09T20:18:21.352742Z,2024-11-04T12:00:00Z,2024-11-05T10:20:19Z,10481810.746408,trump; biden; congress; senate; policy; legislation; debate; rally; administration; political
Politics,will-a-democrat-win-michigan-presidential-election,michigan-presidential-election-winner,0x1092f6af37037a3539947b2052eeffff3608e2b68926340cab146369d3d2aac9,Will a Democrat win Michigan Presidential Election?,No,closed,2024-03-07T23:56:00Z,2024-11-05T12:00:00Z,2024-11-07T09:59:01Z,10404102.083081,trump; biden; congress; senate; policy; legislation; debate; rally; administration; political
Politics,fed-increases-interest-rates-by-25-bps-after-december-2024-meeting,fed-interest-rates-december-2024,0xb685671ec5f12410f48006fad1ec60fa1a1e19f3a5ba09a81ab45b026821252d,Fed increases interest rates by 25+ bps after December 2024 meeting?,No,closed,2024-08-06T16:10:13.881646Z,2024-12-18T12:00:00Z,2024-12-18T22:34:46Z,10228496.464075,trump; biden; congress; senate; policy; legislation; debate; rally; administration; political
Politics,will-a-candidate-from-another-party-win-virginia-presidential-election,virginia-presidential-election-winner,0x39739e38954e57138565a5b3acf5209c902b495a5c89b09b8b39812768cb3a59,Will a candidate from another party win Virginia Presidential Election?,No,closed,2024-03-28T21:00:09.405Z,2024-11-05T12:00:00Z,2024-11-06T09:35:47Z,10128418.660898,trump; biden; congress; senate; policy; legislation; debate; rally; administration; political
Politics,israel-strike-on-iranian-nuclear-facility-in-2024,israel-strike-on-iranian-nuclear-facility-in-2024,0x57d84abe570ed54c362a54e5a77489fa051c3e0d0cdfeae36148e244668bf403,Israel strike on Iranian nuclear facility in 2024?,Yes,closed,2024-10-02T16:07:36.979Z,2024-12-31T12:00:00Z,2024-11-19T00:27:30Z,10075557.869042,trump; biden; congress; senate; policy; legislation; debate; rally; administration; political
Politics,will-2-of-votes-go-to-3rd-party-candidates-in-us-election,will-2-of-votes-go-to-3rd-party-candidates-in-us-election,0x38bc6b9fbc7f22b58a9b83330709e2fbb15ddbed7f2277831c8c3df0ee20475b,Will ≥2% of votes go to 3rd Party candidates?,Yes,closed,2024-10-24T22:10:05.873Z,2024-11-05T12:00:00Z,2024-12-17T21:23:07Z,9870739.05869,trump; biden; congress; senate; policy; legislation; debate; rally; administration; political
Politics,will-bernie-sanders-win-the-2024-us-presidential-election,presidential-election-winner-2024,0x08f5fe8d0d29c08a96f0bc3dfb52f50e0caf470d94d133d95d38fa6c847e0925,Will Bernie Sanders win the 2024 US Presidential Election?,No,closed,2024-01-06T20:13:00Z,2024-11-05T00:00:00Z,2024-11-06T20:25:05Z,9829356.367,trump; biden; congress; senate; policy; legislation; debate; rally; administration; political
Politics,will-rfk-jr-drop-out-by-aug-23,will-rfk-jr-drop-out-by-aug-23,0xf43e04b0ede60be1bd19d17e2cd9a7e52709b667e9f0bebbef34e3e8c53a6ff3,Will RFK Jr. drop out by Friday?,Yes,closed,2024-08-23T21:12:56.995Z,2024-08-23T12:00:00Z,2024-08-27T00:28:24Z,9659775.259074,trump; biden; congress; senate; policy; legislation; debate; rally; administration; political
Politics,will-a-candidate-from-another-party-win-michigan-presidential-election,michigan-presidential-election-winner,0x972520d8ed44dcd71fff95b44e2593750d0e44323a5ccd2ce4bbbc540427bce9,Will a candidate from another party win Michigan Presidential Election?,No,closed,2024-03-07T23:57:00Z,2024-11-04T00:00:00Z,2024-11-07T09:12:00Z,9629392.83715,trump; biden; congress; senate; policy; legislation; debate; rally; administration; political
Politics,will-jb-pritzker-be-d-nom-for-vp-on-election-day,democratic-vp-nominee-on-election-day,0xa172152ff025922441a9ab090b09193c5890800b1545c08faccb0ba37a67e3bf,Will J.B. Pritzker be D-nom for VP on Election Day?,No,closed,2024-08-18T23:39:17.204Z,2024-11-04T12:00:00Z,2024-11-05T09:59:51Z,9478960.092443,trump; biden; congress; senate; policy; legislation; debate; rally; administration; political
Politics,will-a-candidate-from-another-party-win-illinois-presidential-election,illinois-presidential-election-winner,0x373f49179e6675ebf892ab562da3ca812280705e530dab69a30712ee13b22b49,Will a candidate from another party win Illinois Presidential Election?,No,closed,2024-03-28T20:20:52.19Z,2024-11-05T12:00:00Z,2024-11-06T15:59:35Z,9443651.744845,trump; biden; congress; senate; policy; legislation; debate; rally; administration; political
Politics,will-conor-mcgregor-be-the-next-prime-minister-of-ireland,next-prime-minster-of-ireland,0x3376277f95016b046ccc398942605382ebce0673ca2934c0732f61ace19ccd06,Will Conor McGregor be the next Prime Minister of Ireland?,No,closed,2024-11-12T16:36:52.848Z,2024-11-29T12:00:00Z,2025-01-24T01:24:41Z,9363171.56371809,trump; biden; congress; senate; policy; legislation; debate; rally; administration; political
Politics,2024-balance-of-power-republican-presidency-and-senate-democratic-house,balance-of-power-2024-election,0x78e20dcb15d578061a6df0c5014d66cc21244bad6848336f3513493c65cf09c1,"2024 Balance of Power: R Prez, R Senate, D House",No,closed,2024-04-24T19:25:03.9Z,2024-11-05T12:00:00Z,2024-11-14T07:00:00Z,9322470.30561,trump; biden; congress; senate; policy; legislation; debate; rally; administration; political
Politics,will-kanye-west-win-the-2024-us-presidential-election,presidential-election-winner-2024,0x73ac4c1e5be0a89685328c9f5b833d828ffd62dfa07ceaf8536edbc43aa5f51e,Will Kanye West win the 2024 US Presidential Election?,No,closed,2024-01-06T20:13:00Z,2024-11-05T00:00:00Z,2024-11-06T19:50:06Z,9203011.891998,trump; biden; congress; senate; policy; legislation; debate; rally; administration; political
Politics,fed-decreases-interest-rates-by-50-bps-after-december-2024-meeting,fed-interest-rates-december-2024,0x004e19d419d05dd366793689ce2af457d51bc921d9da4af867de09f0864a4305,Fed decreases interest rates by 50 bps after December 2024 meeting?,No,closed,2024-08-06T16:08:18.509642Z,2024-12-18T12:00:00Z,2024-12-18T22:24:36Z,9192309.53167407,trump; biden; congress; senate; policy; legislation; debate; rally; administration; political
Politics,will-republicans-control-227-seats-in-the-house-after-the-election,of-gop-seats-in-house-of-representatives,0x032fdecdd447cd46d01f31a8946265ed30158b643226926b0960ec3e27b09f8e,Will Republicans control 227 seats in the House after the election?,No,closed,2024-11-10T00:21:04.951125Z,2024-12-17T12:00:00Z,2024-12-04T10:07:44Z,9120266.821,trump; biden; congress; senate; policy; legislation; debate; rally; administration; political
Politics,will-pete-buttigieg-be-the-2024-democratic-vp-nomination,democratic-vp-nominee,0x2975406109ebf92cedda5862edc43997e1e5464fe5b2c27d4ba9f1cfbd39b8ba,Will Pete Buttigieg be the 2024 Democratic VP nominee?,No,closed,2024-07-03T18:09:22.095Z,2024-08-22T12:00:00Z,2024-08-06T23:16:30Z,9023366.085835,trump; biden; congress; senate; policy; legislation; debate; rally; administration; political
Politics,will-josh-shapiro-be-d-nom-for-vp-on-election-day,democratic-vp-nominee-on-election-day,0x92b8d97f175b4461fdc7db0f2bff9408e0dc03a23b2d51ab64f9f808c41aa3d5,Will Josh Shapiro be D-nom for VP on Election Day?,No,closed,2024-08-09T20:17:11.79289Z,2024-11-04T12:00:00Z,2024-11-05T14:19:01Z,8974653.311908,trump; biden; congress; senate; policy; legislation; debate; rally; administration; political
Politics,will-republicans-control-224-seats-in-the-house-after-the-election,of-gop-seats-in-house-of-representatives,0x426e4a6c280ff563c54bb0111006fb4f80d98473e70986f39274e6b8e33b2df3,Will Republicans control 224 seats in the House after the election?,No,closed,2024-11-10T00:16:36.332538Z,2024-12-17T12:00:00Z,2024-12-04T10:12:44Z,8877331.460853,trump; biden; congress; senate; policy; legislation; debate; rally; administration; political
Politics,which-party-will-win-the-2024-united-states-presidential-election,which-party-will-win-the-2024-united-states-presidential-election,0x26ee82bee2493a302d21283cb578f7e2fff2dd15743854f53034d12420863b55,Which party wins 2024 US Presidential Election?,Republican,closed,2022-01-12T21:22:33.938Z,2024-11-08T12:00:00Z,2024-11-14T23:58:16Z,8828319.27610304,trump; biden; congress; senate; policy; legislation; debate; rally; administration; political
Politics,will-a-candidate-from-another-party-win-georgia-presidential-election,georgia-presidential-election-winner,0xe1dc4ae259d47a61f59c76462e1f087e94cd027a3c79827f476469f1cf1c1982,Will a candidate from another party win Georgia Presidential Election?,No,closed,2024-03-07T23:35:00Z,2024-11-03T00:00:00Z,2024-11-07T14:38:23Z,8662433.017881,trump; biden; congress; senate; policy; legislation; debate; rally; administration; political
Politics,will-another-candidate-be-d-nom-for-vp-on-election-day,democratic-vp-nominee-on-election-day,0x438a3a56964f33c393d34b0e57f709bc1721a679c962e81642e5487930e4dc96,Will another candidate be D-nom for VP on Election Day?,No,closed,2024-08-09T20:20:39.030488Z,2024-11-04T12:00:00Z,2024-11-05T10:05:15Z,8594756.837968,trump; biden; congress; senate; policy; legislation; debate; rally; administration; political
Politics,will-gavin-newsom-win-the-popular-vote-in-the-2024-presidential-election,presidential-election-popular-vote-winner-2024,0x534da3946b8da84a8687e346e735fcc1d7c7078c057b1a7769cb9991b3e67968,Will Gavin Newsom win the popular vote in the 2024 Presidential Election?,No,closed,2024-01-09T23:41:00Z,2024-11-05T00:00:00Z,2024-11-12T09:47:53Z,8544095.827944,trump; biden; congress; senate; policy; legislation; debate; rally; administration; political
Politics,yoon-out-as-president-of-south-korea-in-2024,yoon-out-as-president-of-south-korea-in-2024,0x2dee7133255484468b06465e9de2ef3efeab7b0ba6e58ce0a965f73a24e134b1,Yoon out as president of South Korea in 2024?,No,closed,2024-12-03T15:46:07.027Z,2024-12-31T12:00:00Z,2025-01-04T00:29:56Z,8436634.21764899,trump; biden; congress; senate; policy; legislation; debate; rally; administration; political
Politics,will-a-republican-win-michigan-presidential-election,michigan-presidential-election-winner,0xbb01eefb24a38a9aa1921ec168d3049e7374b28a2540937d06b3ff2524d66627,Will a Republican win Michigan Presidential Election?,Yes,closed,2024-03-07T23:56:00Z,2024-11-05T12:00:00Z,2024-11-07T06:21:40Z,8427215.034753,trump; biden; congress; senate; policy; legislation; debate; rally; administration; political
Politics,will-andy-beshear-be-d-nom-for-vp-on-election-day,democratic-vp-nominee-on-election-day,0x38c7a14f589e49f43e6bfa9ed465441cac588d2d1c7c1415945df80e111fa5da,Will Andy Beshear be D-nom for VP on Election Day?,No,closed,2024-08-09T20:16:10.178473Z,2024-11-04T12:00:00Z,2024-11-05T14:23:59Z,8399891.747017,trump; biden; congress; senate; policy; legislation; debate; rally; administration; political
Politics,fed-decreases-interest-rates-by-50-bps-after-november-2024-meeting,fed-interest-rates-november-2024,0xe4a9b98237a29e778ac5717e3d29220bb2f0c0370e8e3436d4a277853556355f,Fed decreases interest rates by 50 bps after November 2024 meeting?,No,closed,2024-08-02T21:55:07.276Z,2024-11-07T12:00:00Z,2024-11-07T22:54:46Z,8393267.791414,trump; biden; congress; senate; policy; legislation; debate; rally; administration; political
Politics,will-tim-walz-be-d-nom-for-vp-on-election-day,democratic-vp-nominee-on-election-day,0x76dbb81a9fd937efa736aa23e6c0eb33aaf0f2ca4aa6c06da1d5529ed236ebfb,Will Tim Walz be D-nom for VP on Election Day?,Yes,closed,2024-08-09T20:16:28.950117Z,2024-11-04T12:00:00Z,2024-11-05T10:09:59Z,8356293.128019,trump; biden; congress; senate; policy; legislation; debate; rally; administration; political
Politics,will-the-democratic-candidate-win-pennsylvania-by-2pt5-or-more,pennsylvania-margin-of-victory,0x940dcb3b8d94c9325d574b277fad827b8c73985f79eceb8f3f37fc8c9c7fa413,Will the Democratic candidate win Pennsylvania by 2.5% or more?,No,closed,2024-09-17T23:28:02.607647Z,2024-11-05T12:00:00Z,2024-12-05T04:01:24Z,8343710.123152,trump; biden; congress; senate; policy; legislation; debate; rally; administration; political
Politics,will-a-republican-win-arizona-us-senate-election,arizona-us-senate-election-winner,0xac7162f96876ea602d984de6f9800b8a4b8a45897e798a7630d9e004ae5b9a0b,Will a Republican win Arizona US Senate Election?,No,closed,2024-04-03T21:42:09.743Z,2024-11-05T12:00:00Z,2024-11-12T10:39:27Z,8258327.18658,trump; biden; congress; senate; policy; legislation; debate; rally; administration; political
Politics,will-florida-be-the-closest-state,closest-state-in-the-presidential-election,0x2e317c0dceb7b4ab2abe7c43f302b0253321f92a941709f871975799fd5a168b,Will Florida be the closest state?,No,closed,2024-10-08T21:42:40.726Z,2024-11-05T12:00:00Z,2024-11-29T03:56:16Z,8214061.612692,trump; biden; congress; senate; policy; legislation; debate; rally; administration; political
Politics,will-republicans-control-229-seats-in-the-house-after-the-election,of-gop-seats-in-house-of-representatives,0xead8e3e869421d90a3e3c3ea6c474aaf1cd3a832a2c6a62ae45d2536fbc0e2d3,Will Republicans control 229 seats in the House after the election?,No,closed,2024-11-10T00:22:46.109247Z,2024-12-17T12:00:00Z,2024-12-04T10:12:34Z,8077852.296,trump; biden; congress; senate; policy; legislation; debate; rally; administration; political
Politics,will-joe-biden-be-d-nom-for-vp-on-election-day,democratic-vp-nominee-on-election-day,0x600cf95bedf92ad19b05f4528595e8b4e25cce738b644646f9a49e4c84081b41,Will Joe Biden be D-nom for VP on Election Day?,No,closed,2024-08-18T23:39:15.075Z,2024-11-04T12:00:00Z,2024-11-05T09:40:51Z,8004700.213785,trump; biden; congress; senate; policy; legislation; debate; rally; administration; political
Politics,no-change-in-fed-interest-rates-after-2024-november-meeting,fed-interest-rates-november-2024,0x2a3a29b57597777e5d2941c419716b02a7b8c43b5c19c4ac746ae2d9c720cbe1,No change in Fed interest rates after 2024 November meeting?,No,closed,2024-08-02T19:35:38.051127Z,2024-11-07T12:00:00Z,2024-11-07T22:49:52Z,7995206.758932,trump; biden; congress; senate; policy; legislation; debate; rally; administration; political
Politics,house-control-after-2024-election,house-control-after-2024-election,0x1b43e21dc696e34154ba0d0a9b351264a86d773bf381ffd0eb5d2124ee783b33,House control after 2024 election?,Republican,closed,2024-02-21T22:15:29.648Z,2024-11-05T00:00:00Z,2024-11-22T02:57:04Z,7967497.858254,trump; biden; congress; senate; policy; legislation; debate; rally; administration; political
Politics,will-a-candidate-from-another-party-win-pennsylvania-presidential-election,pennsylvania-presidential-election-winner,0xa744830d0000a092e0151db9be472b5d79ab2f0a04aaba32fb92d6be49cbb521,Will a candidate from another party win Pennsylvania Presidential Election?,No,closed,2024-03-07T02:47:00Z,2024-11-03T00:00:00Z,2024-11-07T11:18:52Z,7698840.763822,trump; biden; congress; senate; policy; legislation; debate; rally; administration; political
Politics,will-a-candidate-from-another-party-win-texas-presidential-election,texas-presidential-election-winner,0x6f12706a5caa97080ff196422c499704adeb814787c63d4fbac1b0daa21952f8,Will a candidate from another party win Texas Presidential Election?,No,closed,2024-03-19T15:52:30.83Z,2024-11-05T00:00:00Z,2024-11-06T12:10:48Z,7693577.100653,trump; biden; congress; senate; policy; legislation; debate; rally; administration; political
Politics,will-hillary-clinton-be-d-nom-for-vp-on-election-day,democratic-vp-nominee-on-election-day,0x7414ed5a8062029b6c25257247ecea29227827578db089960b7e3ba1c203cb60,Will Hillary Clinton be D-nom for VP on Election Day?,No,closed,2024-08-18T23:39:13.748Z,2024-11-04T12:00:00Z,2024-11-05T14:24:09Z,7638434.260629,trump; biden; congress; senate; policy; legislation; debate; rally; administration; political
Politics,will-assad-remain-president-of-syria-through-2024,will-assad-remain-president-of-syria-through-2024,0x9ce4ce441b98560634b67589135dac0034a45edaacf13455c9add1ddbb6b7dec,Will Assad remain President of Syria through 2024?,No,closed,2024-11-18T16:23:06.074Z,2024-12-31T12:00:00Z,2024-12-08T16:02:50Z,7577895.740092,trump; biden; congress; senate; policy; legislation; debate; rally; administration; political
Politics,2024-presidential-election-gop-wins-by-65-104,electoral-college-margin-of-victory-in-the-2024-presidential-election,0xfdcd333ff42c2908a1c1ba56435e9de40969c32c1e83a1c2bc76352a74c5c0d8,2024 presidential election: GOP wins by 65-104,Yes,closed,2024-01-10T01:40:00Z,2024-11-04T12:00:00Z,2024-11-10T07:02:37Z,7563202.909916,trump; biden; congress; senate; policy; legislation; debate; rally; administration; political
Politics,fed-decreases-interest-rates-by-25-bps-after-december-2024-meeting,fed-interest-rates-december-2024,0xa11a9c66032cbe8c607bf1b21591f65dfee9d5eb65d73cc8ad5009c1f9826fa3,Fed decreases interest rates by 25 bps after December 2024 meeting?,Yes,closed,2024-08-06T16:08:38.675523Z,2024-12-18T12:00:00Z,2024-12-18T22:29:48Z,7490697.06615098,trump; biden; congress; senate; policy; legislation; debate; rally; administration; political
Politics,will-pete-buttigieg-be-d-nom-for-vp-on-election-day,democratic-vp-nominee-on-election-day,0xa6189bf3578eaf477e1af4cf60253cde50c66a6db9f311d8e6d4424734bd602d,Will Pete Buttigieg be D-nom for VP on Election Day?,No,closed,2024-08-18T23:39:15.636Z,2024-11-04T12:00:00Z,2024-11-05T10:14:51Z,7459053.994745,trump; biden; congress; senate; policy; legislation; debate; rally; administration; political
Politics,no-change-in-fed-interest-rates-after-december-2024-meeting,fed-interest-rates-december-2024,0x71da2bbc04a7eae0d8ef739c17025d85917c0ea7db07646b6400a4f6ccb9f304,No change in Fed interest rates after December 2024 meeting?,No,closed,2024-08-06T16:09:17.291199Z,2024-12-18T12:00:00Z,2024-12-18T22:34:40Z,7400313.75189,trump; biden; congress; senate; policy; legislation; debate; rally; administration; political
Politics,2024-presidential-election-gop-wins-by-215,electoral-college-margin-of-victory-in-the-2024-presidential-election,0xb0a06b05d49947a302d0c3648add3b6d6660380de6bdb6b79f0007f18daf3adb,2024 presidential election: GOP wins by 215+,No,closed,2024-01-10T01:39:00Z,2024-11-04T12:00:00Z,2024-11-10T06:57:41Z,7262055.993012,trump; biden; congress; senate; policy; legislation; debate; rally; administration; political
Politics,will-trump-get-70-72m-votes-in-the-2024-us-presidential-election,how-many-votes-will-trump-get,0x0a006c3843ea6b6959b46a46b7a0cdc52ed8773ba19d769b71d0d8b2650476b5,Will Trump get 70-72m votes in the 2024 U.S. Presidential Election?,No,closed,2024-10-29T22:05:21.350955Z,2024-11-05T12:00:00Z,2024-12-18T00:27:23Z,7204168.458315,trump; biden; congress; senate; policy; legislation; debate; rally; administration; political
Politics,favorite-to-win-on-polymarket-day-before-election,favorite-to-win-on-polymarket-day-before-election,0xa78d39676ef44a148c1b847597eb7fb318649b91cb4ff16af97909e4b4ede082,Favorite to win on Polymarket day before election?,Trump,closed,2024-08-20T15:46:53.195933Z,2024-11-04T12:00:00Z,2024-11-05T08:28:31Z,7048870.471444,trump; biden; congress; senate; policy; legislation; debate; rally; administration; political
Politics,jd-vance-steps-down-as-republican-vp-nominee,jd-vance-steps-down-as-republican-vp-nominee,0x50f6877cec5baf47454a2c29395050fe48df421e4425bcc71925267452ab4fd1,JD Vance replaced as Republican VP nominee?,No,closed,2024-07-25T00:56:45.046Z,2024-08-31T12:00:00Z,2024-09-01T06:19:20Z,7019568.870406,trump; biden; congress; senate; policy; legislation; debate; rally; administration; political
Politics,will-a-democrat-win-arizona-us-senate-election,arizona-us-senate-election-winner,0xb17631413f217b33763f011a61990dd420f760af13bba6cdccd68c52b2b72d4e,Will a Democrat win Arizona US Senate Election?,Yes,closed,2024-04-03T21:42:04.216Z,2024-11-05T12:00:00Z,2024-11-12T10:39:23Z,6754633.942725,trump; biden; congress; senate; policy; legislation; debate; rally; administration; political
Politics,2024-presidential-election-gop-wins-by-35-64,electoral-college-margin-of-victory-in-the-2024-presidential-election,0x2a9c818392b7e213bebe13ef773d2ecfe637221dbe04c4b9f47a3ce890f1cf4c,2024 presidential election: GOP wins by 35-64,No,closed,2024-01-10T01:40:00Z,2024-11-04T12:00:00Z,2024-11-10T07:02:41Z,6753406.418423,trump; biden; congress; senate; policy; legislation; debate; rally; administration; political
Politics,will-vivek-ramaswamy-win-the-2024-republican-vp-nomination,republican-vp-nominee,0x99c0965b13b8374737bf087337afe310fe9fe22d0b2a35d7972cae10ddba2711,Will Vivek Ramaswamy win the 2024 Republican VP nomination?,No,closed,2024-01-18T21:13:00Z,2024-09-05T12:00:00Z,2024-07-16T02:47:27Z,6674832.408846,trump; biden; congress; senate; policy; legislation; debate; rally; administration; political
Politics,fed-decreases-interest-rates-by-25-bps-after-september-2024-meeting,fed-interest-rates-september-2024,0x70357debf15a956d82d8b2022aaf5f868763d1d0716d2c6e5ce35712e49a3b0f,Fed decreases interest rates by 25 bps after September 2024 meeting?,No,closed,2024-08-02T20:44:00.334Z,2024-09-18T12:00:00Z,2024-09-18T21:24:56Z,6660914.249885,trump; biden; congress; senate; policy; legislation; debate; rally; administration; political
Politics,will-michelle-obama-be-the-2024-democratic-vp-nominee,democratic-vp-nominee,0x1115c00bd814cc2f621c497bc3d76e18446cfe559b0786c72422dd6e663f4dbf,Will Michelle Obama be the 2024 Democratic VP nominee?,No,closed,2024-07-03T18:10:02.964Z,2024-08-22T12:00:00Z,2024-08-06T23:10:58Z,6557745.539392,trump; biden; congress; senate; policy; legislation; debate; rally; administration; political
Politics,will-donald-j-trump-win-the-us-2024-republican-presidential-nomination-1,who-will-win-the-us-2024-republican-presidential-nomination,0x41190eb9336ae73949c04f4900f9865092e69a57cf9c942a6157abf6ae8d16c6,[Single Market] Will Donald J. Trump win the U.S. 2024 Republican presidential nomination?,Yes,closed,2023-02-23T16:36:44.053Z,2024-09-10T00:00:00Z,2024-07-18T00:10:37Z,6552460.323992,trump; biden; congress; senate; policy; legislation; debate; rally; administration; political
Politics,2024-balance-of-power-republican-presidency-democratic-house-and-senate,balance-of-power-2024-election,0xcbecefa16a7a3531950c1b5f327a83ad0fdf448bea6f4ec7bc5b913f89ad3b05,"2024 Balance of Power: R Prez, D Senate, D House",No,closed,2024-04-24T19:25:03.046Z,2024-11-05T12:00:00Z,2024-11-14T06:59:50Z,6481908.722395,trump; biden; congress; senate; policy; legislation; debate; rally; administration; political
Politics,2024-presidential-election-gop-wins-by-105-154,electoral-college-margin-of-victory-in-the-2024-presidential-election,0x475e0fd32b211c0cfe6755638efceba2373d01a7224c7750f77f978db104f639,2024 presidential election: GOP wins by 105-154,No,closed,2024-01-10T01:44:00Z,2024-11-04T12:00:00Z,2024-11-10T07:02:31Z,6473740.733323,trump; biden; congress; senate; policy; legislation; debate; rally; administration; political
Politics,will-a-republican-win-georgia-presidential-election,georgia-presidential-election-winner,0x7606802127355512c8f8ff9c70ef27a2717a8554374d84452de4c7d28147338d,Will a Republican win Georgia Presidential Election?,Yes,closed,2024-03-07T23:35:00Z,2024-11-05T12:00:00Z,2024-11-07T02:38:38Z,6457569.386048,trump; biden; congress; senate; policy; legislation; debate; rally; administration; political
Politics,will-jd-vance-win-the-2024-republican-vp-nomination,republican-vp-nominee,0x6a031c4888fcfb886861d3616cce760ea284dbf46e355b197400c2b12a4c37a6,Will JD Vance win the 2024 Republican VP nomination?,Yes,closed,2024-01-18T21:14:00Z,2024-09-04T12:00:00Z,2024-07-16T02:11:25Z,6452293.0115,trump; biden; congress; senate; policy; legislation; debate; rally; administration; political
Politics,will-aoc-win-the-popular-vote-in-the-2024-presidential-election,presidential-election-popular-vote-winner-2024,0x21dacbae08cd922e9fe1e5f3a4b2ea09820d36f2ed368d6b53683b0fc1f16fe1,Will AOC win the popular vote in the 2024 Presidential Election?,No,closed,2024-01-09T23:50:00Z,2024-11-05T00:00:00Z,2024-11-12T08:28:09Z,6367580.896,trump; biden; congress; senate; policy; legislation; debate; rally; administration; political
Politics,2024-balance-of-power-republican-presidency-and-house-democratic-senate,balance-of-power-2024-election,0xbb958c943dab682a60d421effb917b6b66760905c23e58efd22699f278185444,"2024 Balance of Power: R Prez, D Senate, R House",No,closed,2024-04-24T19:25:03.485Z,2024-11-05T12:00:00Z,2024-11-14T07:04:44Z,6332605.568078,trump; biden; congress; senate; policy; legislation; debate; rally; administration; political
Politics,2024-presidential-election-democrats-win-by-5-14,electoral-college-margin-of-victory-in-the-2024-presidential-election,0x272461ac34da7a85f4c7f6cad291b10b9268061e5813cad8c9cb9897cf0d94a9,2024 presidential election: Democrats win by 5-14,No,closed,2024-01-10T01:42:00Z,2024-11-04T12:00:00Z,2024-11-10T06:47:35Z,6235007.012558,trump; biden; congress; senate; policy; legislation; debate; rally; administration; political
Politics,will-kanye-west-win-the-popular-vote-in-the-2024-presidential-election,presidential-election-popular-vote-winner-2024,0x37658cacdccbb4d2d6dd4cae8cfd43b268e695aab51973a70be339f1b90d9a94,Will Kanye West win the popular vote in the 2024 Presidential Election?,No,closed,2024-01-09T23:50:00Z,2024-11-05T00:00:00Z,2024-11-07T05:25:03Z,6217811.572499,trump; biden; congress; senate; policy; legislation; debate; rally; administration; political
