category,market_slug,event_slug,condition_id,title,resolution,status,open_time,close_time,settlement_ts,volume
Climate and Weather,will-the-november-2024-temperature-increase-be-greater-than-1pt39c,november-2024-temperature-increase-c,0xaf26a1f6b41e1642b3422d3134e536cbcebd99f4cd989c2722f56ab22449b77f,Will the November 2024 temperature increase be greater than 1.39°C?,No,closed,2024-11-06T19:01:00Z,2024-11-30T12:00:00Z,2024-12-10T19:17:21Z,464315
Climate and Weather,will-the-november-2024-temperature-increase-be-between-1pt35-1pt39c,november-2024-temperature-increase-c,0xc84c3451df32872d1167afe34c2406a6161bad495ec4732b37aee87074b9d06a,Will the November 2024 temperature increase be between 1.35-1.39°C?,No,closed,2024-11-06T18:56:37Z,2024-11-30T12:00:00Z,2024-12-10T19:12:31Z,383210
Climate and Weather,will-the-november-2024-temperature-increase-be-between-1pt30-1pt34c,november-2024-temperature-increase-c,0x242cae40e31fe67f49a98530c0d7ef59e9c7705caa47039128f0a35871912223,Will the November 2024 temperature increase be between 1.30-1.34°C?,Yes,closed,2024-11-06T18:56:09Z,2024-11-30T12:00:00Z,2024-12-10T19:17:27Z,246733
Climate and Weather,will-the-november-2024-temperature-increase-be-between-1pt25-1pt29c,november-2024-temperature-increase-c,0xf873b562a57f806b34aa30ecbcf37d61462bbf819e5fa5f2a04fe202bc1bca77,Will the November 2024 temperature increase be between 1.25-1.29°C?,No,closed,2024-11-06T18:54:29Z,2024-11-30T12:00:00Z,2024-12-10T19:17:15Z,308546
Climate and Weather,will-the-november-2024-temperature-increase-be-between-1pt20-1pt24c,november-2024-temperature-increase-c,0x3189e493d87b09525eced3aaae9bb48a9460cef9aa7e6b1c4ed3c4c2df8ffe6a,Will the November 2024 temperature increase be between 1.20-1.24°C?,No,closed,2024-11-06T18:53:53Z,2024-11-30T12:00:00Z,2024-12-10T19:21:51Z,555925
Climate and Weather,will-the-november-2024-temperature-increase-be-less-than-1pt20c,november-2024-temperature-increase-c,0xc0b0c6d7795453a6c2da700496583354384f012b79c53e98bc2d7fa91586348e,Will the November 2024 temperature increase be less than 1.20°C?,No,closed,2024-11-06T18:49:56Z,2024-11-30T12:00:00Z,2024-12-10T19:21:59Z,595329
Climate and Weather,megaquake-in-november,megaquake-in-november,0xa8c2c11505b78c289e2603ebc3b46ebb736a73302313da4dc042a3e3db38a9f6,Megaquake in November?,No,closed,2024-11-06T16:29:18Z,2024-11-30T12:00:00Z,2024-12-01T07:24:59Z,63269.5
Climate and Weather,2024-november-hottest-on-record,2024-november-hottest-on-record,0x96406c76970baa76db90cf64e7ed96c7f3f12012107a11ea770cf67b7e67451f,2024 November hottest on record?,No,closed,2024-11-06T16:25:11Z,2024-11-30T12:00:00Z,2024-12-10T18:14:01Z,1.73179e+06
Climate and Weather,will-the-october-2024-temperature-increase-be-greater-than-1pt40c,october-2024-temperature-increase-c,0xcfade890130c9156602dbc9589af4277b2480b674488e0b74534c14da057f7bb,Will the October 2024 temperature increase be greater than 1.40°C?,No,closed,2024-10-23T19:58:44Z,2024-10-31T12:00:00Z,2024-11-08T19:58:14Z,453420
Climate and Weather,will-the-october-2024-temperature-increase-be-between-1pt35-1pt40c,october-2024-temperature-increase-c,0x9c9b3923bac52ec0fb09a8257ba86552890660ccaa9082a7462b882f82762d9a,Will the October 2024 temperature increase be between 1.35-1.40°C?,No,closed,2024-10-23T19:58:19Z,2024-10-31T12:00:00Z,2024-11-08T20:02:38Z,95316.5
Climate and Weather,will-the-october-2024-temperature-increase-be-between-1pt29-1pt34c,october-2024-temperature-increase-c,0x690d3465e98bad7f46551129064c47c8306d9794052155a23e467b28a928ba15,Will the October 2024 temperature increase be between 1.29-1.34°C?,Yes,closed,2024-10-23T19:57:58Z,2024-10-31T12:00:00Z,2024-11-08T19:58:08Z,55049.8
Climate and Weather,will-the-october-2024-temperature-increase-be-between-1pt23-1pt28c,october-2024-temperature-increase-c,0xc7220901f4240c463dc30055759c5b986a47180cc8a1d2512f54606b7fe8fbca,Will the October 2024 temperature increase be between 1.23-1.28°C?,No,closed,2024-10-23T19:57:27Z,2024-10-31T12:00:00Z,2024-11-08T19:52:56Z,94761.2
Climate and Weather,will-the-october-2024-temperature-increase-be-between-1pt17-1pt22c,october-2024-temperature-increase-c,0xac445b1e86761cf36d9dee78ab5b7d5c8af8808cf0e70013b3e5a1db4a5462bc,Will the October 2024 temperature increase be between 1.17-1.22°C?,No,closed,2024-10-23T19:56:54Z,2024-10-31T12:00:00Z,2024-11-08T20:07:48Z,80341.9
Climate and Weather,will-the-october-2024-temperature-increase-be-less-than-1pt17c,october-2024-temperature-increase-c,0x9acf4f48c618ceca367f4a602e5be5762b3796ff38e572d2cfc1a8a0d83835c2,Will the October 2024 temperature increase be less than 1.17°C?,No,closed,2024-10-23T19:56:02Z,2024-10-31T12:00:00Z,2024-11-08T20:07:42Z,84655
Climate and Weather,category-5-hurricane-hits-us-before-election,category-5-hurricane-hits-us-before-election,0xfe93e51fb62a364b63ecedabdce6ec478e8305fe44c065cb58a4e12a0d4a1934,Category 5 hurricane hits US before election?,No,closed,2024-10-09T22:41:53Z,2024-11-04T12:00:00Z,2024-11-05T07:48:33Z,94457.3
Climate and Weather,will-head-of-fema-be-firedresign-before-november,will-head-of-fema-be-firedresign-before-november,0xa2917b49a0a3d574588acce9151306d267977c1b5d1b56d60c900355d54ceb5a,Will head of FEMA be fired/resign before November?,No,closed,2024-10-04T21:51:04Z,2024-10-31T12:00:00Z,2024-11-01T10:45:52Z,49636.6
Climate and Weather,megaquake-in-october,megaquake-in-october,0xb655a5eb8829d2aca283da63aa93084031dde0ce729dbe6f07f4fa50b16ce526,Megaquake in October?,No,closed,2024-10-01T18:19:19Z,2024-10-31T12:00:00Z,2024-11-01T06:50:07Z,75023.2
Climate and Weather,2024-october-hottest-on-record,2024-october-hottest-on-record,0x2cc32ede706a85ec4056aa91df09f962ab11c1c2cac92b3a7befd5fe0832e738,2024 October hottest on record?,No,closed,2024-09-30T15:26:23Z,2024-10-31T12:00:00Z,2024-11-08T18:52:20Z,837977
Climate and Weather,will-helene-make-landfall-at-category-4-or-stronger,helene-landfall-at-what-category,0x2d01c7f04a70b5197979c00e10d328424035f3ad0e201ce67d31da55749311d5,Will Helene make landfall at category 4 or stronger?,Yes,closed,2024-09-25T18:34:27Z,2024-10-15T12:00:00Z,2024-09-27T06:33:14Z,38138.7
Climate and Weather,will-helene-make-landfall-at-category-3,helene-landfall-at-what-category,0x6b17acd2f5f750e2a27bfad4e9324648673edd34e761257a88ca8e8cc693d95d,Will Helene make landfall at category 3?,No,closed,2024-09-25T18:34:06Z,2024-10-15T12:00:00Z,2024-09-27T06:33:04Z,41115.3
Climate and Weather,will-helene-make-landfall-at-category-2,helene-landfall-at-what-category,0x6a179e313f047d60b33a933a42666c2a13bf760af0bee73239e870757a715ed7,Will Helene make landfall at category 2?,No,closed,2024-09-25T18:33:44Z,2024-10-15T12:00:00Z,2024-09-27T06:33:20Z,17504.6
Climate and Weather,will-helene-make-landfall-at-category-1-or-weaker,helene-landfall-at-what-category,0x6f58285ccb345d90778644179f3d9e51445ea4bb4633851f83d72cd082610ba1,Will Helene make landfall at category 1 or weaker?,No,closed,2024-09-25T18:33:08Z,2024-10-15T12:00:00Z,2024-09-27T06:33:10Z,19830
Climate and Weather,will-there-be-more-than-14-named-storms-during-atlantic-hurricane-season,number-of-named-storms-during-atlantic-hurricane-season,0xdc38b041dac04feb5136d909c1b5e4912f538e851cd14eac48d2af5f95a07e6a,Will there be more than 14 named storms during Atlantic Hurricane Season?,Yes,closed,2024-09-17T21:20:53Z,2024-12-01T12:00:00Z,2024-10-19T18:37:03Z,94831.7
Climate and Weather,will-there-be-between-11-and-14-named-storms-during-atlantic-hurricane-season,number-of-named-storms-during-atlantic-hurricane-season,0x9b02d64879d44fa91b0026d431c131f6ea8798e1cf94e2421e7402975abd0777,Will there be between 11 and 14 named storms during Atlantic Hurricane Season?,No,closed,2024-09-17T21:20:25Z,2024-12-01T12:00:00Z,2024-10-19T18:53:09Z,57810
Climate and Weather,will-there-be-less-than-11-named-storms-during-atlantic-hurricane-season,number-of-named-storms-during-atlantic-hurricane-season,0xf7a32ad3e848553228c259c88877bcc1490310b78293b6424c742bd1e2ee4ded,Will there be less than 11 named storms during Atlantic Hurricane Season?,No,closed,2024-09-17T21:20:16Z,2024-12-01T12:00:00Z,2024-09-30T17:54:27Z,67205.8
Climate and Weather,september-temperature-increase-by-more-than-1pt40c,september-2024-temperature-increase-c,0xbdb9ab17c8046dae6c4f1d0fbe0b4ba53dc83d13aa7f5d6dbcdbd9dd5270d14e,September temperature increase by more than 1.40°C?,No,closed,2024-09-10T17:10:00Z,2025-01-01T12:00:00Z,2024-10-21T19:21:21Z,610208
Climate and Weather,september-temperature-increase-by-between-1pt35-1pt40c,september-2024-temperature-increase-c,0xbccfec0cffc8d5a54802502b569ff59ab36300fc373670ea2954775c11712c27,September temperature increase by between 1.35-1.40°C?,No,closed,2024-09-10T17:09:17Z,2025-01-01T12:00:00Z,2024-10-21T19:30:36Z,382755
Climate and Weather,september-temperature-increase-by-between-1pt29-1pt34c,september-2024-temperature-increase-c,0xa94961fc62766ef354fabf86cf359848a1f5fb8080d724d2635e13b38d56eb31,September temperature increase by between 1.29-1.34°C?,No,closed,2024-09-10T17:08:35Z,2025-01-01T12:00:00Z,2024-10-21T19:26:01Z,225614
Climate and Weather,september-temperature-increase-by-between-1pt23-1pt28c,september-2024-temperature-increase-c,0x8559485d1f6670ab04fb68eb1c3bd9039139fd488bc48e07addc0d75fe189674,September temperature increase by between 1.23-1.28°C?,Yes,closed,2024-09-10T17:08:04Z,2025-01-01T12:00:00Z,2024-10-21T19:30:42Z,170614
Climate and Weather,september-temperature-increase-by-between-1pt17-1pt22c,september-2024-temperature-increase-c,0x39ee169bbda6909960fc99494e518bc02d7761025b26cc35766eb4ae2b1ff90d,September temperature increase by between 1.17-1.22°C?,No,closed,2024-09-10T17:07:38Z,2025-01-01T12:00:00Z,2024-10-21T19:26:07Z,482828
Climate and Weather,september-temperature-increase-by-less-than-1pt17c,september-2024-temperature-increase-c,0x0e8fc620e52455faed4c33d14f6a8f8d69788362f4480d779115630ddf9f000b,September temperature increase by less than 1.17°C?,No,closed,2024-09-10T17:04:27Z,2025-01-01T12:00:00Z,2024-10-21T19:25:55Z,582248
Climate and Weather,will-francine-hit-us-as-a-hurricane,will-francine-hit-us-as-a-hurricane,0x2da1a5f3ef27de87daa731ba86cd5b6c9ac94a3480a242c8447e3db7bbe5d4e8,Will Francine hit US as a hurricane?,Yes,closed,2024-09-10T17:03:08Z,2024-09-30T12:00:00Z,2024-09-12T00:20:30Z,4439.95
Climate and Weather,megaquake-in-september,megaquake-in-september,0xe8537d8a2baccc384fe79cba9ab3a01297a7865242dff70ab917d26f29a3da00,Megaquake in September?,No,closed,2024-09-03T23:43:13Z,2024-09-30T12:00:00Z,2024-10-01T06:42:22Z,89555.1
Climate and Weather,2024-september-hottest-on-record,2024-september-hottest-on-record,0xbd803b51b5de5c061a57213e4b5a47bfcb9390f1ef3f93a8d571fe0132f70b51,2024 September hottest on record?,No,closed,2024-08-30T19:58:43Z,2024-10-20T12:00:00Z,2024-10-21T18:22:43Z,894639
Climate and Weather,august-temperature-increase-greater-than-1pt29c,august-2024-temperature-increase-c,0x2c95c926e924f243aab41e96a90d22fcaf8cf273a678a07c49abb95fde489678,August temperature increase greater than 1.29°C?,Yes,closed,2024-08-13T19:30:58Z,2024-08-31T12:00:00Z,2024-09-10T18:23:54Z,213686
Climate and Weather,august-temperature-increase-by-between-1pt25-1pt29c,august-2024-temperature-increase-c,0xfa7c3f38df227ee85db0511e88ecc329e6d715476a36017211723dfda23b1dce,August temperature increase by between 1.25-1.29°C?,No,closed,2024-08-13T19:29:01Z,2024-08-31T12:00:00Z,2024-09-10T18:23:48Z,122453
Climate and Weather,august-temperature-increase-by-between-1pt20-1pt24c,august-2024-temperature-increase-c,0xed117d5ff1bee649915bf6032010d03de49c8641d4893b8349c9a543abd09b3a,August temperature increase by between 1.20-1.24°C?,No,closed,2024-08-13T19:26:19Z,2024-08-31T12:00:00Z,2024-09-10T18:23:38Z,386231
Climate and Weather,august-temperature-increase-by-between-1pt15-1pt19c,august-2024-temperature-increase-c,0x2d21171331eb7efcf6b2339c1e4e56ce176803a49bd1efc007834c61cd6b735a,August temperature increase by between 1.15-1.19°C?,No,closed,2024-08-13T19:25:26Z,2024-08-31T12:00:00Z,2024-09-10T18:08:07Z,432073
Climate and Weather,august-temperature-increase-by-less-than-1pt15c,august-2024-temperature-increase-c,0xbfe1f4ddd4769cbabdca18d3bbf2fc4dddfcd90d7d4c34b06fcb25d6e4bbf4ac,August temperature increase by less than 1.15°C?,No,closed,2024-08-13T19:19:21Z,2024-08-31T12:00:00Z,2024-09-10T18:23:42Z,473762
Climate and Weather,2024-august-hottest-on-record,2024-august-hottest-on-record,0x1731c2d00c722fa4d53d1bddae549f14cf1870e2cf59dc040e7791046672cda5,2024 August hottest on record?,Yes,closed,2024-08-01T16:25:01Z,2024-08-31T12:00:00Z,2024-09-10T17:05:57Z,3.61031e+06
Climate and Weather,will-beryl-hit-us-as-a-hurricane,will-beryl-hit-us-as-a-hurricane,0x98250663bed7a74c9fcabb505f60fc026c48470b14a88c0b5f34ae1f774a3eff,Will Beryl hit US as a hurricane?,Yes,closed,2024-07-02T04:01:45Z,2024-07-08T12:00:00Z,2024-07-09T06:05:58Z,27549.5
Climate and Weather,will-may-2024-show-an-increase-of-less-than-1pt03c,may-2024-temperature-increase-c,0x07954fd1965dea6b78eaa5f6823d3546b8219a284fd89b27454b7f05f4098340,Will May 2024 show an increase of less than 1.03C?,No,closed,2024-05-10T20:53:03Z,2024-06-01T12:00:00Z,2024-06-11T21:05:00Z,128471
Climate and Weather,will-may-2024-show-an-increase-greater-than-1pt30c,may-2024-temperature-increase-c,0xeb6caf5a1d87fc80e5a1f2c6c9a893d49b335b8274dcfbbc77356fea6c01fdea,Will May 2024 show an increase greater than 1.30C?,No,closed,2024-05-10T19:58:19Z,2024-05-31T12:00:00Z,2024-06-11T21:19:58Z,89595.8
Climate and Weather,will-may-2024-show-an-increase-between-1pt24c-1pt30c,may-2024-temperature-increase-c,0x9cd8df6408d34f26762626d0e14ee9335a1f6cd744c1008994a2a6b1383f3354,Will May 2024 show an increase between 1.24°C-1.30°C,No,closed,2024-05-10T19:58:18Z,2024-06-01T12:00:00Z,2024-06-11T21:15:04Z,77492.6
Climate and Weather,will-there-be-more-than-25-named-storms-during-atlantic-hurricane-season,how-many-named-storms-during-atlantic-hurricane-season-2024,0x31a5dcf98ab184ef2c167c7daaca2155242d61f841cb9ac9615f1e03c77b7732,Will there be more than 25 named storms during Atlantic Hurricane Season?,No,closed,2024-05-06T21:58:37Z,2024-12-01T12:00:00Z,2024-12-01T08:34:54Z,711045
Climate and Weather,will-there-be-between-21-and-25-named-storms-during-atlantic-hurricane-season,how-many-named-storms-during-atlantic-hurricane-season-2024,0xa4855d0b28960be4824c31c280d274572e176313d8efda21446cabe6bdc32efc,Will there be between 21 and 25 named storms during Atlantic Hurricane Season?,No,closed,2024-05-02T19:49:00Z,2024-12-01T12:00:00Z,2024-12-01T08:39:58Z,549051
Climate and Weather,will-there-be-between-16-and-20-named-storms-during-atlantic-hurricane-season,how-many-named-storms-during-atlantic-hurricane-season-2024,0x573dfc705c8f4250064b3ad30d2cc43397f16c9fc5b343473c860bbd04d7a3ca,Will there be between 16 and 20 named storms during Atlantic Hurricane Season?,Yes,closed,2024-05-02T19:48:18Z,2024-12-01T12:00:00Z,2024-12-01T10:17:08Z,364338
Climate and Weather,will-there-be-less-than-16-named-storms-during-atlantic-hurricane-season,how-many-named-storms-during-atlantic-hurricane-season-2024,0xa8b22d7d3402b9823aca8ba68fa9beee749049bf67b8efa0935fcb8963d5d357,Will there be less than 16 named storms during Atlantic Hurricane Season?,No,closed,2024-05-02T19:18:02Z,2024-12-01T12:00:00Z,2024-11-02T16:00:30Z,3.61894e+06
Climate and Weather,will-april-2024-show-an-increase-of-greater-than-1pt31c,how-hot-will-april-2024-be,0x808fc2450113e86e89787be4bcd033ad198c656fe4d18bd7f48a4443f72acd8c,Will April 2024 show an increase of greater than 1.31°C?,Yes,closed,2024-04-11T00:18:27Z,2024-05-01T12:00:00Z,2024-05-10T18:25:34Z,97500.6
Climate and Weather,will-april-2024-show-an-increase-of-between-1pt26c-1pt31c,how-hot-will-april-2024-be,0x4871e138b2ce626ff72ef12009ffa5dea965252b40135db45a74e0142661240a,Will April 2024 show an increase of between 1.26°C-1.31°C?,No,closed,2024-04-11T00:18:16Z,2024-05-01T12:00:00Z,2024-05-10T19:19:58Z,48763.3
Climate and Weather,will-april-2024-show-an-increase-between-1pt20c-1pt25c,how-hot-will-april-2024-be,0x7fe1c5da1d0b1adac75a6b185a8ac59849ce20bfd2019ed7d45ef65a08a64c5c,Will April 2024 show an increase between 1.20°C-1.25°C?,No,closed,2024-04-11T00:18:05Z,2024-05-01T12:00:00Z,2024-05-10T19:14:42Z,98020.4
Climate and Weather,will-april-2024-show-an-increase-between-1pt14c-1pt19c,how-hot-will-april-2024-be,0x0b566f7c936578ed6bccdeacf85919ae01d6e4186081a53b895dd70d95522867,Will April 2024 show an increase between 1.14°C-1.19°C?,No,closed,2024-04-11T00:17:56Z,2024-05-01T12:00:00Z,2024-05-10T19:19:52Z,63629
Climate and Weather,will-april-2024-show-an-increase-of-less-than-1pt14c,how-hot-will-april-2024-be,0xfa361d1eb8dcd671baee6f5ce7aaf0a7b85cc65d380e606b484579901ac93c83,Will April 2024 show an increase of less than 1.14C?,No,closed,2024-04-11T00:17:50Z,2024-05-01T12:00:00Z,2024-05-10T19:20:08Z,26939.3
Climate and Weather,will-2024-have-the-hottest-april-on-record,will-2024-have-the-hottest-april-on-record,0xf57940e4ae65cf49cd3aa3618ab227404843ed529996f506788bbd6613b2f307,Will 2024 have the hottest April on record?,Yes,closed,2024-04-04T20:52:44Z,2024-04-30T12:00:00Z,2024-05-10T18:36:24Z,65747
Climate and Weather,will-2024-have-the-hottest-march-on-record,will-2024-have-the-hottest-march-on-record,0x9cbba2c881daeda51045b50bd0528d495dd62704b62f12db0aa6ede56ae4ac7a,Will 2024 have the hottest March on record?,Yes,closed,2024-02-27T18:56:15Z,2024-05-01T00:00:00Z,2024-04-10T20:12:08Z,232240
Climate and Weather,will-nyc-have-less-than-3pt5-inches-of-snowfall-on-tuesday,how-many-inches-of-snow-in-nyc-on-tuesday,0x2b6a63803852c5f7b7b5eb3ff1b0306fbe3624f675d55d6e95c073c94789a91d,Will NYC have less than 3.5 inches of snowfall on Tuesday?,Yes,closed,2024-02-13T00:40:00Z,2024-02-11T00:00:00Z,2024-02-14T10:46:08Z,2553.69
Climate and Weather,will-nyc-have-between-4pt5-and-5pt5-inches-of-snowfall-on-tuesday,how-many-inches-of-snow-in-nyc-on-tuesday,0x8ca49c741da08187bcb3fb2075c5b9c09260406e480c055074c0d7de841b43d8,Will NYC have between 4.5 and 5.5 inches of snowfall on Tuesday?,No,closed,2024-02-13T00:40:00Z,2024-02-11T00:00:00Z,2024-02-14T10:32:29Z,3910
Climate and Weather,will-nyc-have-more-than-7pt5-inches-of-snowfall-on-tuesday,how-many-inches-of-snow-in-nyc-on-tuesday,0x98841d5d46f3409d433fd1ea0e3261736424b0733cca1e256e6223036c121072,Will NYC have more than 7.5 inches of snowfall on Tuesday?,No,closed,2024-02-13T00:40:00Z,2024-02-11T00:00:00Z,2024-02-14T10:16:07Z,254.18
Climate and Weather,will-nyc-have-between-3pt5-and-4pt5-inches-of-snowfall-on-tuesday,how-many-inches-of-snow-in-nyc-on-tuesday,0xc51a00f7a5c28ce72312ca8116f582ed2e82bdc9848a69a3a184142fc329f23b,Will NYC have between 3.5 and 4.5 inches of snowfall on Tuesday?,No,closed,2024-02-13T00:40:00Z,2024-02-11T00:00:00Z,2024-02-14T10:45:08Z,1708
Climate and Weather,will-nyc-have-between-5pt5-and-6pt5-inches-of-snowfall-on-tuesday,how-many-inches-of-snow-in-nyc-on-tuesday,0xcada70c304d0735ac1b7051e2a672338928d4b04533ecd8de7e3f34a2214cf84,Will NYC have between 5.5 and 6.5 inches of snowfall on Tuesday?,No,closed,2024-02-13T00:40:00Z,2024-02-11T00:00:00Z,2024-02-14T10:17:11Z,5865
Climate and Weather,will-nyc-have-between-6pt5-and-7pt5-inches-of-snowfall-on-tuesday,how-many-inches-of-snow-in-nyc-on-tuesday,0xe501aa68855ef444a0966a01efe38d4c1755fd115440cf6ffc324a1d21af536c,Will NYC have between 6.5 and 7.5 inches of snowfall on Tuesday?,No,closed,2024-02-13T00:40:00Z,2024-02-11T00:00:00Z,2024-02-14T10:30:53Z,3410
Climate and Weather,will-2024-have-the-hottest-february-on-record,will-2024-have-the-hottest-february-on-record,0x109d5b911a6cfc4c58a0a4f0c418d45fc45ad0e0743c2701a409884b4754203a,Will 2024 have the hottest February on record?,Yes,closed,2024-02-08T20:57:06Z,2024-03-01T00:00:00Z,2024-03-11T18:17:25Z,171982
Climate and Weather,will-a-hurricane-make-landfall-in-the-us-in-november,will-a-hurricane-make-landfall-in-the-us-in-november,0xab587ea7f2ae79dd5afcdf00e40fc75fb656d488e815ee36707b95b61fe74e20,Will a hurricane make landfall in the US in November?,No,closed,2023-10-31T16:09:42Z,2023-11-30T00:00:00Z,2023-12-01T07:04:22Z,1413
Climate and Weather,will-there-be-21-named-storms-during-the-atlantic-hurricane-season,how-many-named-storms-during-atlantic-hurricane-season,0xbda171771e1f6570d2dadb8e8bedd87c62cf5eda3d11639074d39e4e98a07ca2,Will there be 21+ named storms during the Atlantic Hurricane Season?,No,closed,2023-09-27T18:02:25Z,2023-11-30T00:00:00Z,2023-12-01T07:08:12Z,38046.3
Climate and Weather,will-the-final-global-heat-increase-be-1pt15-or-greater-for-2023,2023-global-heat-increase,0xc22f43156d3420e7b29c48a2f1446cd559fb9e821de8b8eb13ad1db630ff5344,Will the final global heat increase be 1.15 or greater for 2023?,Yes,closed,2023-09-26T20:08:06Z,2023-12-31T00:00:00Z,2024-01-12T19:47:07Z,138175
Climate and Weather,will-the-final-global-heat-increase-be-1pt18-or-greater-for-2023,2023-global-heat-increase,0x7a2d7004ffeb4163c3bdde1bc075a5d369772357362f474e623c6bc09e0609e6,Will the final global heat increase be 1.18 or greater for 2023?,No,closed,2023-09-26T20:08:06Z,2023-12-31T00:00:00Z,2024-01-12T20:17:37Z,99623.8
Climate and Weather,will-the-final-global-heat-increase-be-1pt13-or-greater-for-2023,2023-global-heat-increase,0x1e77eb99e2bcc6d0c5b4931744780af128b8ddd8090a8673870f09bef4e56db3,Will the final global heat increase be 1.13 or greater for 2023?,Yes,closed,2023-09-18T20:24:00Z,2023-12-31T00:00:00Z,2024-01-12T17:58:55Z,353862
Climate and Weather,will-the-final-global-heat-increase-be-1pt11-or-greater-for-2023,2023-global-heat-increase,0x6253d1d844e57417f89d8a7023600d6f29f71623ac15ad90c2a7ae159c2332e5,Will the final global heat increase be 1.11 or greater for 2023?,Yes,closed,2023-08-25T20:56:03Z,2023-12-31T00:00:00Z,2024-01-12T18:14:23Z,329086
Climate and Weather,will-the-final-global-heat-increase-be-1pt08-or-greater-for-2023,2023-global-heat-increase,0x296dee9af41489382d3870cbeed17487bca3802053d797dd02e9c11dea65c80d,Will the final global heat increase be 1.08 or greater for 2023?,Yes,closed,2023-08-18T21:44:02Z,2023-12-31T00:00:00Z,2024-01-12T20:01:49Z,307850
Climate and Weather,will-the-final-global-heat-increase-be-1pt05-or-greater-for-2023,2023-global-heat-increase,0x48c6a6b13ea89b16645a8b2f5c9828220895359f4348fa74407cb65eef61f0e2,Will the final global heat increase be 1.05 or greater for 2023?,Yes,closed,2023-08-18T21:43:39Z,2023-12-30T00:00:00Z,2024-01-12T19:31:13Z,307567
Climate and Weather,will-nasa-record-2023-as-the-hottest-year-on-record,will-nasa-record-2023-as-the-hottest-year-on-record,0x3345899c2049b0820ac501288cbcd3e41e9b2be9dc8cd6c12905969b9dc126b5,Will NASA record 2023 as the hottest year on record? (1.03°C or higher),Yes,closed,2023-06-23T17:25:16Z,2023-12-31T00:00:00Z,2024-01-12T20:02:35Z,668040
